date,mwh_gross_park,cr,mwh_delivered,p_market,cf,p_wind_merchant,eeg_on,strike_cod_fixed,p_wind_realised,revenue_eur,eeg_premium_eur,strike_source
2026-01-01,14748.42,0.0378787562981201,14189.76819303768,44.594443155319794,0.8483026536483922,37.82958446663016,1,51.14574865619333,51.14574865619333,725746.3174907517,188953.2830703308,from_series_asof
2026-02-01,11888.24,0.0378787562981201,11437.928254226437,39.8876563183496,0.8467726649271549,33.77577703838735,1,51.14574865619333,51.14574865619333,585001.4036382375,198676.48914241424,from_series_asof
2026-03-01,12769.88,0.0378787562981201,12286.172827523762,40.31309723395208,0.8187104482705418,33.004753907582845,1,51.14574865619333,51.14574865619333,628385.5073830824,222883.39674462934,from_series_asof
2026-04-01,11019.33,0.0341915579350541,10642.56193989952,33.71001488980778,0.8426718790898418,28.406481591340867,1,51.14574865619333,51.14574865619333,544321.7980360702,242004.05820560947,from_series_asof
2026-05-01,10297.59,0.0341915579350541,9945.499354923566,32.24481358096807,0.8582435082662649,27.673901931121744,1,51.14574865619333,51.14574865619333,508670.01026725356,233439.23646306424,from_series_asof
2026-06-01,9098.52,0.0341915579350541,8787.427426296752,39.17433840003221,0.8774399093354863,34.37312793400192,1,51.14574865619333,51.14574865619333,449439.5544799135,147388.187345058,from_series_asof
2026-07-01,8785.44,0.0327939168512234,8497.331011138589,46.79436025343941,0.8501511869876742,39.78228091379036,1,51.14574865619333,51.14574865619333,434602.3561441714,96559.14684159374,from_series_asof
2026-08-01,9311.53,0.0327939168512234,9006.16845942233,54.5263014655435,0.8715160015609547,47.52054423315769,1,51.14574865619333,51.14574865619333,460627.22838095034,32649.201733701844,from_series_asof
2026-09-01,9634.33,0.0327939168512234,9318.382583062754,55.389489699997256,0.8572413748189331,47.482162300944786,1,51.14574865619333,51.14574865619333,476595.6534755771,34138.69928429435,from_series_asof
2026-10-01,11056.94,0.0373745950939375,10643.69134452204,45.62275007189419,0.8088482236576238,36.90188035402734,1,51.14574865619333,51.14574865619333,544379.5622810246,151607.33776027596,from_series_asof
2026-11-01,11947.98,0.0373745950939375,11501.429085309537,54.667081420068826,0.826119001294311,45.16151470642205,1,51.14574865619333,51.14574865619333,588249.2011842731,68827.24240319617,from_series_asof
2026-12-01,14068.67,0.0373745950939375,13542.859155239774,55.9591260499198,0.7421164148082282,41.528185999968215,1,51.14574865619333,51.14574865619333,692659.6704401202,130249.29646995041,from_series_asof
2027-01-01,14500.96,0.0379370898489596,13950.83577758383,47.77805957013297,0.8028936777033087,38.36070196179182,1,51.14574865619333,51.14574865619333,713525.9402241319,178362.08684233646,from_series_asof
2027-02-01,11815.79,0.0379370898489596,11367.533313133563,42.94185981096632,0.8323926685443391,35.744489280307164,1,51.14574865619333,51.14574865619333,581401.0016744338,175074.32901959657,from_series_asof
2027-03-01,11912.61,0.0379370898489596,11460.680244094387,43.3108854302921,0.813530882402419,35.23474284173561,1,51.14574865619333,51.14574865619333,586165.0711934519,182350.95000142648,from_series_asof
2027-04-01,10573.43,0.0342315472154306,10211.485131725949,36.57096983074101,0.8399136329057572,30.71645612942452,1,51.14574865619333,51.14574865619333,522274.0519537106,208613.4168887797,from_series_asof
2027-05-01,10346.92,0.0342315472154306,9992.728919485717,35.03881271384006,0.8561814540670567,29.999581618118857,1,51.14574865619333,51.14574865619333,511085.6017054908,211307.9148976424,from_series_asof
2027-06-01,8824.51,0.0342315472154306,8522.43336928196,42.00597831031092,0.8755492266506828,36.77830182429808,1,51.14574865619333,51.14574865619333,435886.23504445,122445.6083115284,from_series_asof
2027-07-01,8517.88,0.032826952693372,8238.26395619218,49.673480418633176,0.8483792811315463,42.14195160886195,1,51.14574865619333,51.14574865619333,421352.1776667821,74175.65668389965,from_series_asof
2027-08-01,9136.23,0.032826952693372,8836.315409994233,57.45570175841328,0.869717063381894,49.97020420787312,1,51.14574865619333,51.14574865619333,451939.9670064129,10387.48152382504,from_series_asof
2027-09-01,9520.95,0.032826952693372,9208.40622475404,58.29254150962663,0.8554767990627234,49.867916819886325,1,51.14574865619333,51.14574865619333,470970.8302953962,11766.794635638278,from_series_asof
2027-10-01,11555.94,0.0374304203800796,11123.396307913023,48.383173167497375,0.8071845770456438,39.05415116933251,1,51.14574865619333,51.14574865619333,568914.4317677483,134499.63084211794,from_series_asof
2027-11-01,12022.43,0.0374304203800796,11572.42539110992,57.49946289758413,0.8244202141735054,47.40371951688784,1,51.14574865619333,51.14574865619333,591880.3603962577,43304.353025972014,from_series_asof
2027-12-01,12974.65,0.0374304203800796,12489.0033962156,58.77885059214668,0.7405904638316432,43.531056223528765,1,51.14574865619333,51.14574865619333,638759.4286691879,95099.91965268494,from_series_asof
2028-01-01,13930.04,0.03799571361647,13400.758189494029,50.483959421399845,0.8012427856797019,40.44990827894344,1,51.14574865619333,51.14574865619333,685391.8101622859,143332.37052895234,from_series_asof
2028-02-01,13428.58,0.03799571361647,12918.351520044143,45.57389601527561,0.8306811302292898,37.85737545092127,1,51.14574865619333,51.14574865619333,660718.7598965308,171663.87619524015,from_series_asof
2028-03-01,13191.98,0.03799571361647,12690.7413058858,45.92782321017441,0.8118581295370708,37.28687664512147,1,51.14574865619333,51.14574865619333,649077.4650916058,175879.35948389425,from_series_asof
2028-04-01,10940.09,0.0342717354474508,10565.154129748698,39.0985966704842,0.8381866335052264,32.771921118011804,1,51.14574865619333,51.14574865619333,540362.7176340698,194122.31989430886,from_series_asof
2028-05-01,10326.61,0.0342717354474508,9972.699154011001,37.53493168075448,0.854421005583623,32.07063407118283,1,51.14574865619333,51.14574865619333,510061.1643548785,190230.37908459708,from_series_asof
2028-06-01,9601.42,0.0342717354474508,9272.362673840138,44.5619694917919,0.8737489549343262,38.9359742732685,1,51.14574865619333,51.14574865619333,474241.9307652964,113213.45624424168,from_series_asof
2028-07-01,8748.0,0.0328601528929441,8460.539382492525,52.29725774059088,0.8466348752622951,44.276682283765254,1,51.14574865619333,51.14574865619333,432720.6207527878,58116.00656488277,from_series_asof
2028-08-01,9028.79,0.0328601528929441,8732.102580161716,60.14893487070765,0.8679287835646984,52.20499187504556,1,51.14574865619333,52.20499187504556,455859.3442494067,0.0,from_series_asof
2028-09-01,10052.88,0.0328601528929441,9722.54082618558,60.983326230568366,0.8537177995477595,52.06255107866399,1,51.14574865619333,52.06255107866399,506180.27837768267,0.0,from_series_asof
2028-10-01,11453.29,0.0374865234039637,11023.945976362616,50.960967239780445,0.8055248741983562,41.05032672485069,1,51.14574865619333,51.14574865619333,563827.9701064961,111291.38597970756,from_series_asof
2028-11-01,12543.05,0.0374865234039637,12072.854662617912,60.16270345518876,0.8227250720515551,49.49736453498652,1,51.14574865619333,51.14574865619333,617475.1901370074,19900.701923496967,from_series_asof
2028-12-01,14062.85,0.0374865234039637,13535.682644348568,61.44697960060353,0.7390676893184154,45.41347722901386,1,51.14574865619333,51.14574865619333,692292.6224178501,77590.20686956834,from_series_asof
2029-01-01,14165.43,0.0380546290445153,13626.369816093953,53.0592478400047,0.7995953001225402,42.4259252009048,1,51.14574865619333,51.14574865619333,696930.8857102806,118819.53913281165,from_series_asof
2029-02-01,12413.74,0.0380546290445153,11941.339729244939,48.09220476406074,0.8289731146451039,39.867144773413536,1,51.14574865619333,51.14574865619333,610748.7604101773,134681.64063585454,from_series_asof
2029-03-01,12142.06,0.0380546290445153,11679.998410863753,48.44386627275534,0.8101888171054592,39.2486787115387,1,51.14574865619333,51.14574865619333,597382.263026775,138957.75804750095,from_series_asof
2029-04-01,10823.7,0.0343121236209238,10452.315867564208,41.53957899681996,0.836463185384902,34.7463285672278,1,51.14574865619333,51.14574865619333,534591.5202375803,171411.91881474562,from_series_asof
2029-05-01,9464.78,0.0343121236209238,9140.023298595153,39.955277520734455,0.8526641769524143,34.068433822122344,1,51.14574865619333,51.14574865619333,467473.33434169873,156087.05546085341,from_series_asof
2029-06-01,8866.75,0.0343121236209238,8562.512977884173,47.04955840776592,0.8719523848939292,41.02497466185771,1,51.14574865619333,51.14574865619333,437936.1366322574,86659.25867273133,from_series_asof
2029-07-01,8514.31,0.0328935182676385,8234.244388478663,54.85945373180962,0.8448940561820982,46.35042638340278,1,51.14574865619333,51.14574865619333,421146.5938668,39485.85551567233,from_series_asof
2029-08-01,8629.15,0.0328935182676385,8345.306896840806,62.7870634303689,0.8661441807437796,54.3826496162046,1,51.14574865619333,54.3826496162046,453839.90091058926,0.0,from_series_asof
2029-09-01,9270.29,0.0328935182676385,8965.357546538695,63.62645827259104,0.8519624168225963,54.20735116377874,1,51.14574865619333,54.20735116377874,485988.2848340568,0.0,from_series_asof
2029-10-01,11077.11,0.0375429055473696,10661.243105532178,53.499584625872416,0.8038685839703603,43.00663533620252,1,51.14574865619333,51.14574865619333,545277.2602381228,86773.06576789709,from_series_asof
2029-11-01,12443.47,0.0375429055473696,11976.305981108471,62.79157282696548,0.8210334154177087,51.55397949757326,1,51.14574865619333,51.55397949757326,617426.2330067301,0.0,from_series_asof
2029-12-01,13100.05,0.0375429055473696,12608.23606018418,64.08625073875174,0.7375480458774061,47.26668899997582,1,51.14574865619333,51.14574865619333,644857.6725321332,48908.099837127214,from_series_asof
2030-01-01,13080.46,0.0381138375841428,12581.913472034123,55.611587660874505,0.7979512020637907,44.37533322267068,1,51.14574865619333,51.14574865619333,643511.38405463,85184.78115430629,from_series_asof
2030-02-01,10938.48,0.0381138375841428,10521.572549862605,50.59244158904281,0.8272686110189132,41.85353888142294,1,51.14574865619333,51.14574865619333,538133.705103176,97768.65929378905,from_series_asof
2030-03-01,11173.61,0.0381138375841428,10747.740843231448,50.94582749874303,0.8085229370518624,41.19087007982125,1,51.14574865619333,51.14574865619333,549701.251789819,106992.45506468388,from_series_asof
2030-04-01,10193.15,0.0343527127305833,9842.987646230255,43.97040779476527,0.8347432809543778,36.70400246750431,1,51.14574865619333,51.14574865619333,503426.97218010854,142149.92932525885,from_series_asof
2030-05-01,9550.01,0.0343527127305833,9221.941249895803,42.36871976466685,0.8509109606467676,36.052008036326356,1,51.14574865619333,51.14574865619333,471663.08928935206,139193.58923757906,from_series_asof
2030-06-01,8607.05,0.0343527127305833,8311.374483892232,49.5330088476656,0.8701595088938993,43.101618652921864,1,51.14574865619333,51.14574865619333,425091.47034065065,66857.77685430237,from_series_asof
2030-07-01,8102.7,0.0329270496392219,7835.901994888277,57.42015543615912,0.8431568165092219,48.41419546101662,1,51.14574865619333,51.14574865619333,400773.0739251197,21404.183131228616,from_series_asof
2030-08-01,8172.45,0.0329270496392219,7903.355333175941,65.42624345391704,0.8643632473566772,56.552040254176276,1,51.14574865619333,56.552040254176276,446950.8689448246,0.0,from_series_asof
2030-09-01,8813.16,0.0329270496392219,8522.968643201595,66.27300106892642,0.8502106434499773,56.34601088217297,1,51.14574865619333,56.34601088217297,480235.28391825606,0.0,from_series_asof
2030-10-01,10503.16,0.0375995681989517,10108.245719275497,56.043534108496544,0.8022156993446087,44.95900290859098,1,51.14574865619333,51.14574865619333,516993.7949131067,62537.146219447284,from_series_asof
2030-11-01,11345.78,0.0375995681989517,10919.183571119698,65.4278972243822,0.819345237105192,53.60803596460558,1,51.14574865619333,53.60803596460558,585355.9855847151,0.0,from_series_asof
2030-12-01,12300.27,0.0375995681989517,11837.78515926948,66.73476842458899,0.7360315270706096,49.118893512253734,1,51.14574865619333,51.14574865619333,605452.3844020123,23993.47574291711,from_series_asof
2031-01-01,13895.85,0.0381733406936193,13365.39898372257,58.174416030150326,0.7963104845382003,46.324897416695855,1,51.14574865619333,51.14574865619333,683583.3371112164,64432.60025705721,from_series_asof
2031-02-01,11851.1,0.0381733406936193,11398.703922105848,53.104327635604335,0.8255676121295594,43.84121295987164,1,51.14574865619333,51.14574865619333,582995.2458063908,83262.23969082418,from_series_asof
2031-03-01,12870.28,0.0381733406936193,12378.978416737726,53.46069420035994,0.8068604823187515,43.1353215075977,1,51.14574865619333,51.14574865619333,633132.1187229097,99160.90478131516,from_series_asof
2031-04-01,11084.33,0.0343935037761117,10703.101054289331,46.41487532724648,0.8330269129272503,38.66484030775933,1,51.14574865619333,51.14574865619333,547418.1163645199,133584.42330261244,from_series_asof
2031-05-01,9711.16,0.0343935037761117,9377.159181869574,44.79669398114041,0.8491613492391543,38.03962110247869,1,51.14574865619333,51.14574865619333,479601.8266250167,122898.24432906901,from_series_asof
2031-06-01,8699.48,0.0343935037761117,8400.274401769791,52.03233747031638,0.8683703193386879,45.18333750503701,1,51.14574865619333,51.14574865619333,429638.32319597254,50085.889765885164,from_series_asof
2031-07-01,8253.4,0.0329607478335495,7981.361763830582,59.99809387246307,0.8414231488838217,50.48378507319501,1,51.14574865619333,51.14574865619333,408212.7227070308,5283.370830391069,from_series_asof
2031-08-01,8694.29,0.0329607478335495,8407.71969971825,68.08399652588372,0.8625859758584377,58.72830058362189,1,51.14574865619333,58.72830058362189,493771.0897478925,0.0,from_series_asof
2031-09-01,9498.05,0.0329607478335495,9184.987169039554,68.93890343689054,0.8484624720084862,58.492072427618474,1,51.14574865619333,58.492072427618474,537248.934738208,0.0,from_series_asof
2031-10-01,11457.48,0.037656512754273,11026.031258248173,58.60673297125959,0.8005662133186292,46.91857028977734,1,51.14574865619333,51.14574865619333,563934.6234096921,46609.00080229309,from_series_asof
2031-11-01,11706.28,0.037656512754273,11265.46231787491,68.08477150970634,0.8176605299620106,55.670230354968886,1,51.14574865619333,55.670230354968886,627150.8822913179,0.0,from_series_asof
2031-12-01,13217.65,0.037656512754273,12719.919394193485,69.40447885444422,0.7345181264732698,50.978847777020036,1,51.14574865619333,51.14574865619333,650569.8002624589,2122.9657299042833,from_series_asof
2032-01-01,12077.99,0.0382331398384663,11616.210519362401,60.75823197554888,0.7946731405948446,48.28293502099954,1,51.14574865619333,51.14574865619333,594119.7835607383,33255.0458641122,from_series_asof
2032-02-01,11315.41,0.0382331398384663,10882.78634714042,55.63721094344635,0.8238701107707332,45.837835142951796,1,51.14574865619333,51.14574865619333,556608.2551898962,57764.88871370706,from_series_asof
2032-03-01,10792.09,0.0382331398384663,10379.474513880687,55.99697042740411,0.8052014458631108,45.088841552099645,1,51.14574865619333,51.14574865619333,530865.994670306,62867.512919883244,from_series_asof
2032-04-01,9619.93,0.0344344977621651,9288.672541942815,48.88049429607648,0.831314074032099,40.63504285397411,1,51.14574865619333,51.14574865619333,475076.11117989157,97630.50438151264,from_series_asof
2032-05-01,9039.84,0.0344344977621651,8728.55764974967,47.24598408552714,0.8474153353173173,40.036971446233615,1,51.14574865619333,51.14574865619333,446428.61568519013,96963.60229535864,from_series_asof
2032-06-01,8151.34,0.0344344977621651,7870.652701011353,54.55389496907984,0.8665848086483648,47.27557663280305,1,51.14574865619333,51.14574865619333,402550.4248061158,30460.77988927524,from_series_asof
2032-07-01,7617.44,0.0329946136805852,7366.105509964963,62.599228176701786,0.8396930459611868,52.564136582514074,1,51.14574865619333,52.564136582514074,387192.9761070078,0.0,from_series_asof
2032-08-01,7882.38,0.0329946136805852,7622.303917016429,70.76591385385802,0.860812358719622,60.9161732214891,1,51.14574865619333,60.9161732214891,464321.5857558077,0.0,from_series_asof
2032-09-01,9324.79,0.0329946136805852,9017.122156297417,71.62927159807685,0.8467178950919665,60.649786074494415,1,51.14574865619333,60.649786074494415,546886.5297870222,0.0,from_series_asof
2032-10-01,9902.73,0.0377137406158396,9529.261009391306,61.193653242804544,0.7989201189043467,48.88884072493276,1,51.14574865619333,51.14574865619333,487381.1884655909,21506.664751147284,from_series_asof
2032-11-01,10781.98,0.0377137406158396,10375.35120295483,70.76642024969038,0.8159792868508753,57.7439331283317,1,51.14574865619333,57.7439331283317,599113.5860463795,0.0,from_series_asof
2032-12-01,13251.46,0.0377137406158396,12751.697874778825,72.09925288715021,0.7330078376738405,52.84931745670938,1,51.14574865619333,52.84931745670938,673918.5290962325,0.0,from_series_asof
2033-01-01,15335.09,0.0382932364914966,14747.859772011616,63.36645373628602,0.7930391632970883,50.25207945212792,1,51.14574865619333,51.14574865619333,754290.3291160907,13179.708104121808,from_series_asof
2033-02-01,11559.66,0.0382932364914966,11117.003205858706,58.19415096456606,0.8221760997509426,47.84584006836448,1,51.14574865619333,51.14574865619333,568587.4517769448,36685.09434993395,from_series_asof
2033-03-01,12045.69,0.0382932364914966,11584.421544126744,58.55745534354651,0.8035458206564055,47.053598509580894,1,51.14574865619333,51.14574865619333,592493.9126232974,47405.19232021848,from_series_asof
2033-04-01,10790.35,0.0344756956983979,10418.345176920793,51.369753009473925,0.8296047570124536,42.61659146321438,1,51.14574865619333,51.14574865619333,532854.0638322548,88859.70370467153,from_series_asof
2033-05-01,10670.37,0.0344756956983979,10302.501570890687,49.71885231054458,0.8456729114842396,42.045886589113145,1,51.14574865619333,51.14574865619333,526929.1558748119,93751.34324098214,from_series_asof
2033-06-01,8667.43,0.0344756956983979,8368.614320832836,57.09981482116547,0.8648029692585852,49.380089401459266,1,51.14574865619333,51.14574865619333,428019.04465393623,14776.121324878493,from_series_asof
2033-07-01,8721.92,0.0330286480144221,8433.846774310052,65.22557643528586,0.8379665004117082,54.65684802281287,1,51.14574865619333,54.65684802281287,460967.4813911551,0.0,from_series_asof
2033-08-01,9219.33,0.0330286480144221,8914.827994501198,73.4739055114834,0.8590423884262725,63.117199277590956,1,51.14574865619333,63.117199277590956,562678.9750543786,0.0,from_series_asof
2033-09-01,9701.93,0.0330286480144221,9381.488368969438,74.34586651337332,0.84497690530949,62.82054020902263,1,51.14574865619333,62.82054020902263,589350.1673033227,0.0,from_series_asof
2033-10-01,11127.96,0.0377712531931355,10707.643005316915,63.8058530285486,0.7972774091280567,50.870965189806796,1,51.14574865619333,51.14574865619333,547650.4178501855,2942.283261830469,from_series_asof
2033-11-01,12132.91,0.0377712531931355,11674.634784420476,73.47433168172603,0.8143015006491727,59.83025854762456,1,51.14574865619333,59.83025854762456,698496.4176009682,0.0,from_series_asof
2033-12-01,13157.0,0.0377712531931355,12660.043621737917,74.82047049100709,0.7315006542739587,54.7312231172571,1,51.14574865619333,54.7312231172571,692899.6721355456,0.0,from_series_asof
2034-01-01,13335.38,0.0383536321328505,12823.919741128228,66.00031563161656,0.7914085457225608,52.23321381124766,1,51.14574865619333,52.23321381124766,669834.5417366305,0.0,from_series_asof
2034-02-01,11316.77,0.0383536321328505,10882.730766487923,60.776267755249705,0.8204855718934827,49.86605080671749,1,51.14574865619333,51.14574865619333,556605.4124758134,13926.60715829913,from_series_asof
2034-03-01,11678.69,0.0383536321328505,11230.769819946401,61.14318891265594,0.8018935996845519,49.03033185336225,1,51.14574865619333,51.14574865619333,574406.1304265403,23757.759185842777,from_series_asof
2034-04-01,10000.82,0.0345170985994876,9655.620709984272,53.88359059186001,0.8278989546267658,44.61016832253754,1,51.14574865619333,51.14574865619333,493843.94995239057,63105.08482141274,from_series_asof
2034-05-01,9795.92,0.0345170985994876,9457.793263487307,52.216166877849616,0.8439340703581155,44.067002251722236,1,51.14574865619333,51.14574865619333,483725.91709656024,66949.32005814167,from_series_asof
2034-06-01,8763.22,0.0345170985994876,8460.739071210997,59.67093053155702,0.8630247936205575,51.49749250714362,1,51.14574865619333,51.49749250714362,435706.8469245856,0.0,from_series_asof
2034-07-01,8405.5,0.0330628516733029,8127.590200260052,67.87794206874867,0.8362435049208474,56.76248818238462,1,51.14574865619333,56.76248818238462,461342.24269352626,0.0,from_series_asof
2034-08-01,8669.03,0.0330628516733029,8382.407146958587,76.20874719567752,0.8572760574798807,65.33193434139133,1,51.14574865619333,65.33193434139133,547638.8733479078,0.0,from_series_asof
2034-09-01,9133.68,0.0330628516733029,8831.694492928587,77.0894184496504,0.8432394952853253,65.00484230532244,1,51.14574865619333,65.00484230532244,574102.9078016075,0.0,from_series_asof
2034-10-01,10716.89,0.0378290519026567,10311.480211954937,66.4439928096333,0.7956380770303919,52.86537066927782,1,51.14574865619333,52.86537066927782,545120.2235539212,0.0,from_series_asof
2034-11-01,11348.31,0.0378290519026567,10919.014192002562,76.20915130374135,0.8126271642489349,61.92962651377735,1,51.14574865619333,61.92962651377735,676210.470809353,0.0,from_series_asof
2034-12-01,13191.0,0.0378290519026567,12691.996976352055,77.56874466330521,0.7299965698884179,56.62491753476333,1,51.14574865619333,56.62491753476333,718683.2821374006,0.0,from_series_asof
2035-01-01,13255.01,0.038414328250032,12745.827694902544,68.66037970070784,0.7897812809631244,54.22668263143954,1,51.14574865619333,54.22668263143954,691163.9532864928,0.0,from_series_asof
2035-02-01,12000.15,0.038414328250032,11539.172298850379,63.38408453172809,0.8187985200364047,51.898794608441335,1,51.14574865619333,51.898794608441335,598869.1330894517,0.0,from_series_asof
2035-03-01,12020.97,0.038414328250032,11559.192512536212,63.754669880547,0.8002447759478898,51.01934151419001,1,51.14574865619333,51.14574865619333,591203.554914729,1461.164489375834,from_series_asof
2035-04-01,10182.63,0.0345587074851598,9830.731468400387,56.42246972366303,0.8261966596483755,46.616056014802,1,51.14574865619333,51.14574865619333,502800.1207893365,44530.1919919074,from_series_asof
2035-05-01,9341.51,0.0345587074851598,9018.679488440306,54.73836744903937,0.842198804572316,46.100587629821135,1,51.14574865619333,51.14574865619333,461267.1143265341,45500.690264421326,from_series_asof
2035-06-01,8136.82,0.0345587074851598,7855.622017760602,62.26767612138377,0.8612502742010122,53.62805313340159,1,51.14574865619333,53.62805313340159,421281.71496438497,0.0,from_series_asof
2035-07-01,8576.72,0.0330972254996409,8292.85436411272,70.55675539954859,0.8345240521891067,58.88130942534693,1,51.14574865619333,58.88130942534693,488294.1238326597,0.0,from_series_asof
2035-08-01,8557.58,0.0330972254996409,8274.347845008782,78.97086634317583,0.8555133583973582,67.56063108079925,1,51.14574865619333,67.56063108079925,559020.1621908447,0.0,from_series_asof
2035-09-01,9155.77,0.0330972254996409,8852.739415687154,79.86034142144422,0.8415056576589068,67.20292912871726,1,51.14574865619333,67.20292912871726,594930.0195474257,0.0,from_series_asof
2035-10-01,10051.97,0.0378871381679467,9671.129623749945,69.10845781505611,0.7940021156662961,54.872261715589524,1,51.14574865619333,54.872261715589524,530676.7557997978,0.0,from_series_asof
2035-11-01,11800.05,0.0378871381679467,11352.97987526132,78.97126636768934,0.8109562705568076,64.0422436546896,1,51.14574865619333,64.0422436546896,727070.303378273,0.0,from_series_asof
2035-12-01,13109.44,0.0378871381679467,12612.760835415595,80.34445355042078,0.7284955781451399,58.53057913996912,1,51.14574865619333,58.53057913996912,738232.1962507955,0.0,from_series_asof
2036-01-01,12485.38,0.0384753263379457,12005.000930046739,71.34700229789246,0.7881573621248449,56.232665126622166,1,51.14574865619333,56.232665126622166,675073.1971441059,0.0,from_series_asof
2036-02-01,11215.29,0.0384753263379457,10783.778057275302,66.01794207418999,0.8171149370324866,53.9442465809661,1,51.14574865619333,53.9442465809661,581722.7825960704,0.0,from_series_asof
2036-03-01,11240.83,0.0384753263379457,10808.33539744063,66.3922317270688,0.7985993424611507,53.02079260176549,1,51.14574865619333,53.02079260176549,573066.5094780202,0.0,from_series_asof
2036-04-01,9795.15,0.0346005233802135,9456.232683412301,58.98670776217796,0.8244978648654827,48.63441460535992,1,51.14574865619333,51.14574865619333,483646.1000602861,23747.759130457052,from_series_asof
2036-05-01,9206.99,0.0346005233802135,8888.423327243609,57.28576313040668,0.8404671067753593,48.14679959763145,1,51.14574865619333,51.14574865619333,454605.0654450472,26655.928769336646,from_series_asof
2036-06-01,8152.89,0.0346005233802135,7870.795738938692,64.8903640814836,0.8594794034821687,55.77193141249427,1,51.14574865619333,55.77193141249427,438969.4801138409,0.0,from_series_asof
2036-07-01,7984.43,0.0331317703400402,7719.891698943873,73.2623334195938,0.8328081349319968,61.01346725593801,1,51.14574865619333,61.01346725593801,471017.35939289967,0.0,from_series_asof
2036-08-01,8286.88,0.0331317703400402,8012.320995004527,81.76058478297745,0.8537542837110009,69.80344949718346,1,51.14574865619333,69.80344949718346,559287.6439300212,0.0,from_series_asof
2036-09-01,9156.11,0.0331317703400402,8852.751866271856,82.65895372059816,0.8397753850848033,69.41495469142225,1,51.14574865619333,69.41495469142225,614513.3696916647,0.0,from_series_asof
2036-10-01,9511.87,0.0379455134196311,9150.937209269214,71.79955013309637,0.7923695181049916,56.89177493911676,1,51.14574865619333,56.89177493911676,520613.0601917333,0.0,from_series_asof
2036-11-01,11074.78,0.0379455134196311,10654.541786890539,81.76098630014172,0.8092888124940235,66.16825151118182,1,51.14574865619333,66.16825151118182,704992.4006913698,0.0,from_series_asof
2036-12-01,12631.76,0.0379455134196311,12152.441381406441,83.14790470333486,0.7269976726851494,60.448333207971025,1,51.14574865619333,60.448333207971025,734594.8259135922,0.0,from_series_asof
2037-01-01,14264.09,0.0385366278989336,13714.4000713531,74.06047812337567,0.7865367823279646,58.25129016083052,1,51.14574865619333,58.25129016083052,798881.4979381042,0.0,from_series_asof
2037-02-01,11874.61,0.0385366278989336,11417.002572985044,68.67812664835361,0.8154348157492012,56.00253554950053,1,51.14574865619333,56.00253554950053,639381.092462334,0.0,from_series_asof
2037-03-01,11565.15,0.0385366278989336,11119.468117854647,69.05615871954478,0.7969572922534294,55.034809266551456,1,51.14574865619333,55.034809266551456,611957.8070116304,0.0,from_series_asof
2037-04-01,10811.08,0.034642547314546,10436.556649578659,61.576578957464,0.8228025630811164,50.66536699196812,1,51.14574865619333,51.14574865619333,533785.5032354732,5013.530452105235,from_series_asof
2037-05-01,10694.76,0.034642547314546,10324.266270682287,59.85862446752458,0.8387389696308805,50.20576100941337,1,51.14574865619333,51.14574865619333,528042.3277399306,9704.682756508299,from_series_asof
2037-06-01,8540.67,0.034642547314546,8244.799435427076,67.5392711787328,0.857712173961705,57.92925511050004,1,51.14574865619333,57.92925511050004,477615.08982976177,0.0,from_series_asof
2037-07-01,9035.23,0.0331664870453172,8735.563161253538,75.99495998404115,0.8310957458800063,63.15908795105791,1,51.14574865619333,63.15908795105791,551730.2020036337,0.0,from_series_asof
2037-08-01,8941.18,0.0331664870453172,8644.632469360151,84.57819364819437,0.8519988259684608,72.06052169079473,1,51.14574865619333,72.06052169079473,622936.7255672755,0.0,from_series_asof
2037-09-01,9581.62,0.0331664870453172,9263.831324396848,85.4855460000602,0.8380486702326869,71.64104814946563,1,51.14574865619333,71.64104814946563,663670.5859596425,0.0,from_series_asof
2037-10-01,10924.79,0.0380041790954533,10509.602324259784,74.51754802327457,0.7907402774299536,58.92402659732402,1,51.14574865619333,58.92402659732402,619268.0868819819,0.0,from_series_asof
2037-11-01,12087.62,0.0380041790954533,11628.239924682217,84.57859840658534,0.8076247829963697,68.3077721842556,1,51.14574865619333,68.3077721842556,794299.1636790583,0.0,from_series_asof
2037-12-01,14291.39,0.0380041790954533,13748.25745491703,85.97938579277292,0.7255028471625455,62.37828918994367,1,51.14574865619333,62.37828918994367,857592.7793806135,0.0,from_series_asof
2038-01-01,13405.15,0.038598234442812,12887.734877558938,76.80108469550021,0.7849195347068708,60.282671664175,1,51.14574865619333,60.282671664175,776907.0901188221,0.0,from_series_asof
2038-02-01,11771.63,0.038598234442812,11317.26586548596,71.36490950539496,0.813758149068688,58.07377666756462,1,51.14574865619333,58.07377666756462,657236.3703596841,0.0,from_series_asof
2038-03-01,11778.27,0.038598234442812,11323.64957320926,71.74672174970044,0.7953186183681527,57.06150361441604,1,51.14574865619333,57.06150361441604,646144.4710500609,0.0,from_series_asof
2038-04-01,10107.44,0.0346847803231787,9756.865663970291,64.1923460179193,0.8211107471131022,52.70902519771649,1,51.14574865619333,52.70902519771649,514274.8781329449,0.0,from_series_asof
2038-05-01,9970.52,0.0346847803231787,9624.69470409214,62.45721185596574,0.837014385817598,52.27758482150077,1,51.14574865619333,52.27758482150077,503155.7937742261,0.0,from_series_asof
2038-06-01,8452.29,0.0346847803231787,8159.124178122201,70.214664957318,0.8559485781527244,60.100142635686275,1,51.14574865619333,60.100142635686275,490364.5268874208,0.0,from_series_asof
2038-07-01,8410.56,0.0332013764705209,8131.3178311120955,78.75491058086925,0.8293868777785716,65.31828939639773,1,51.14574865619333,65.31828939639773,531123.771266669,0.0,from_series_asof
2038-08-01,8339.81,0.0332013764705209,8062.916828497385,87.42397651596599,0.850246977732713,74.33197181407576,1,51.14574865619333,74.33197181407576,599332.5064351048,0.0,from_series_asof
2038-09-01,8962.85,0.0332013764705209,8665.271042901191,88.34040230643274,0.8363255057873025,73.88133164038113,1,51.14574865619333,73.88133164038113,640201.7636743742,0.0,from_series_asof
2038-10-01,10292.26,0.0380631366403094,9900.50430128241,77.26272424080327,0.7891143867388766,60.9691272570564,1,51.14574865619333,60.9691272570564,603625.1066539215,0.0,from_series_asof
2038-11-01,11715.67,0.0380631366403094,11269.734851957226,87.42438508306878,0.8059641750141573,70.46092239959553,1,51.14574865619333,70.46092239959553,794075.9128677753,0.0,from_series_asof
2038-12-01,12364.31,0.0380631366403094,11893.685579006857,88.83918028107018,0.7240110952444753,64.32055221591901,1,51.14574865619333,64.32055221591901,765008.4243242334,0.0,from_series_asof
2039-01-01,13251.5,0.0386601474869087,12739.19505557723,79.56909609519778,0.7833056124100682,62.32691954576447,1,51.14574865619333,62.32691954576447,793994.7853067624,0.0,from_series_asof
2039-02-01,10934.18,0.0386601474869087,10511.462988551593,74.07855909136009,0.8120849298877216,60.158081465890604,1,51.14574865619333,60.158081465890604,632349.4467909806,0.0,from_series_asof
2039-03-01,11573.04,0.0386601474869087,11125.624566728107,74.46418941255416,0.7936833138630534,59.10098461708208,1,51.14574865619333,59.10098461708208,657535.3663736283,0.0,from_series_asof
2039-04-01,10024.81,0.0347272234462823,9676.676183123474,66.83426987034437,0.8194224097940356,54.76549847398249,1,51.14574865619333,54.76549847398249,529947.9947400714,0.0,from_series_asof
2039-05-01,9819.97,0.0347272234462823,9478.949707574211,65.08178432753851,0.8352933480292848,54.36238152666948,1,51.14574865619333,54.36238152666948,515298.2804752614,0.0,from_series_asof
2039-06-01,8378.26,0.0347272234462823,8087.306292888951,72.91681193614801,0.8541886085837248,62.284710130099405,1,51.14574865619333,62.284710130099405,503715.5281859171,0.0,from_series_asof
2039-07-01,7684.8,0.0332364394749545,7429.38460992287,81.54245999438939,0.8276815233880449,67.49118750896491,1,51.14574865619333,67.49118750896491,501417.98978452256,0.0,from_series_asof
2039-08-01,8252.93,0.0332364394749545,7978.631991563964,90.29821656855955,0.8484987315820238,76.61792222254167,1,51.14574865619333,76.61792222254167,611306.2053719305,0.0,from_series_asof
2039-09-01,8481.63,0.0332364394749545,8199.730817856042,91.22380659072292,0.8346058844484361,76.13592578240338,1,51.14574865619333,76.13592578240338,624294.0969839733,0.0,from_series_asof
2039-10-01,10170.26,0.0381223875062843,9782.545407240337,80.03535171077118,0.787491839143649,63.027186315223986,1,51.14574865619333,63.027186315223986,616566.3120192754,0.0,from_series_asof
2039-11-01,11688.58,0.0381223875062843,11242.983423841795,90.29862914760832,0.804306981512195,72.62781784440196,1,51.14574865619333,72.62781784440196,816553.3521344126,0.0,from_series_asof
2039-12-01,12837.24,0.0381223875062843,12347.853762208828,91.72757227843869,0.7225224106111083,66.27522664212219,1,51.14574865619333,66.27522664212219,818356.8066341713,0.0,from_series_asof
2040-01-01,12680.94,0.0387223685561005,12189.903967682205,82.36478722674906,0.7816950086001482,64.38414305956297,1,51.14574865619333,64.38414305956297,784836.5209375854,0.0,from_series_asof
2040-02-01,11061.75,0.0387223685561005,10633.412839624556,76.81934483378916,0.8104151511176811,62.2555609522365,1,51.14574865619333,62.2555609522365,661989.0811675407,0.0,from_series_asof
2040-03-01,11195.44,0.0387223685561005,10761.926046172292,77.20883144413546,0.7920513718101366,61.1533608611851,1,51.14574865619333,61.1533608611851,658127.9470629612,0.0,from_series_asof
2040-04-01,9449.74,0.0347698777292022,9121.173695627249,69.50261269011042,0.8177375439712473,56.83489580079574,1,51.14574865619333,56.83489580079574,518400.9565719337,0.0,from_series_asof
2040-05-01,9127.38,0.0347698777292022,8810.022113412033,67.73260227976863,0.8335758489747365,56.460261448626305,1,51.14574865619333,56.460261448626305,497416.15189142263,0.0,from_series_asof
2040-06-01,8278.41,0.0347698777292022,7990.570696507794,75.64598015713221,0.8524322577985669,64.48307365872981,1,51.14574865619333,64.48307365872981,515256.55879820004,0.0,from_series_asof
2040-07-01,8347.86,0.0332716769221962,8070.112699088276,84.35788468930582,0.8259796754836649,69.67789822016124,1,51.14574865619333,69.67789822016124,562308.4912723036,0.0,from_series_asof
2040-08-01,8423.76,0.0332716769221962,8143.48737880988,93.20119882295931,0.8467540801099199,78.91849537447666,1,51.14574865619333,78.91849537447666,642671.7710367166,0.0,from_series_asof
2040-09-01,8189.55,0.0332716769221962,7917.069938261828,94.1360447372548,0.8328897989308841,78.40495137336087,1,51.14574865619333,78.40495137336087,620737.4835289158,0.0,from_series_asof
2040-10-01,10429.17,0.0381819331526868,10030.964128221993,82.83570529811294,0.7858726277703219,65.09831339583599,1,51.14574865619333,65.09831339583599,652998.846481384,0.0,from_series_asof
2040-11-01,11210.06,0.0381819331526868,10782.038238442392,93.20161550504316,0.8026531954697549,74.80857450806634,1,51.14574865619333,74.80857450806634,806588.910909338,0.0,from_series_asof
2040-12-01,12757.56,0.0381819331526868,12270.45169688861,94.64484806127126,0.7210367869556077,68.24241714800071,1,51.14574865619333,68.24241714800071,837365.2832934656,0.0,from_series_asof
2041-01-01,14142.2,0.0387848991828504,13593.696198776293,85.1884351516693,0.7800877164537623,66.45445184573511,1,51.14574865619333,66.45445184573511,903361.6294471315,0.0,from_series_asof
2041-02-01,10747.12,0.0387848991828504,10330.294034294006,79.58753832889005,0.8087488056845228,64.366326570861,1,51.14574865619333,64.366326570861,664923.0793843851,0.0,from_series_asof
2041-03-01,11440.46,0.0387848991828504,10996.742912294567,79.98091980100014,0.7904227852956538,63.21874139961484,1,51.14574865619333,63.21874139961484,695200.2464103976,0.0,from_series_asof
2041-04-01,10394.36,0.0348127442224849,10032.503803963573,72.19763885437624,0.8160561425067763,58.917326661599624,1,51.14574865619333,58.917326661599624,591088.3038518627,0.0,from_series_asof
2041-05-01,9239.91,0.0348127442224849,8918.24337653122,70.40992833619299,0.8318618813777406,58.57133545341739,1,51.14574865619333,58.57133545341739,522353.42446202785,0.0,from_series_asof
2041-06-01,8919.01,0.0348127442224849,8608.514786152215,78.40243999006759,0.850679518356442,66.69534988872054,1,51.14574865619333,66.69534988872054,574147.9056846462,0.0,from_series_asof
2041-07-01,8494.74,0.0333070896801207,8211.804933010691,87.20146356550998,0.8242813268555257,71.87853809152234,1,51.14574865619333,71.87853809152234,590252.53367756,0.0,from_series_asof
2041-08-01,8833.61,0.0333070896801207,8539.388159530788,96.13321083856891,0.8450130159251582,81.23381442126822,1,51.14574865619333,81.23381442126822,693687.0730224992,0.0,from_series_asof
2041-09-01,9000.88,0.0333070896801207,8701.086882639995,97.0774052095104,0.8311772419644222,80.68852991910349,1,51.14574865619333,80.68852991910349,702077.9092586162,0.0,from_series_asof
2041-10-01,11024.96,0.0382417750460864,10603.3459597879,85.66406237277067,0.7842567457590793,67.18261878497192,1,51.14574865619333,67.18261878497192,712360.5494616027,0.0,from_series_asof
2041-11-01,12021.88,0.0382417750460864,11562.141969408955,96.13363168045043,0.8010028098805462,77.0033091000623,1,51.14574865619333,77.0033091000623,890323.1919292008,0.0,from_series_asof
2041-12-01,13213.92,0.0382417750460864,12708.596243883017,97.59129656041682,0.7195542179841052,70.22222907858563,1,51.14574865619333,70.22222907858563,892425.9567052061,0.0,from_series_asof
2042-01-01,13425.51,0.0388477409072458,12903.959265972362,88.0403195194366,0.7784837291615911,68.53795625606902,1,51.14574865619333,68.53795625606902,884410.9957013103,0.0,from_series_asof
2042-02-01,11415.19,0.0388477409072458,10971.735656473016,82.3834137266116,0.8070858865287466,66.49049050280682,1,51.14574865619333,66.49049050280682,729516.0854660261,0.0,from_series_asof
2042-03-01,11213.75,0.0388477409072458,10778.121145401372,82.78072901210379,0.7887975474200722,65.2972360183931,1,51.14574865619333,65.2972360183931,703781.5202661067,0.0,from_series_asof
2042-04-01,10050.17,0.0348558239819034,9699.863043491794,74.91961525445168,0.8143781982773383,61.01290128655175,1,51.14574865619333,61.01290128655175,591816.7863656363,0.0,from_series_asof
2042-05-01,9543.79,0.0348558239819034,9211.13333563975,73.1140276299339,0.8301514379770458,60.69571517328309,1,51.14574865619333,60.69571517328309,559076.3253631232,0.0,from_series_asof
2042-06-01,8538.87,0.0348558239819034,8241.240650275644,81.18646439964851,0.8489303828318412,68.92165630355726,1,51.14574865619333,68.92165630355726,567999.9556132026,0.0,from_series_asof
2042-07-01,8553.54,0.0333426786209204,8268.342064708813,90.0734782102125,0.8225864703085458,74.09322450935241,1,51.14574865619333,74.09322450935241,612628.1249205925,0.0,from_series_asof
2042-08-01,8244.49,0.0333426786209204,7969.596619536607,99.09454295540507,0.8432755316516913,83.56400339450057,1,51.14574865619333,83.56400339450057,665971.3989677574,0.0,from_series_asof
2042-09-01,9017.58,0.0333426786209204,8716.90972812156,100.0481792692861,0.8294682062937757,82.98678380145286,1,51.14574865619333,82.98678380145286,723388.3030244051,0.0,from_series_asof
2042-10-01,11110.16,0.0383019146603486,10684.61959981718,88.52070300318843,0.7826441862642118,69.28021356946638,1,51.14574865619333,69.28021356946638,740232.7277838407,0.0,from_series_asof
2042-11-01,11256.56,0.0383019146603486,10825.412199510905,99.09496800353828,0.7993558177526833,79.21213918364433,1,51.14574865619333,79.21213918364433,857504.057867979,0.0,from_series_asof
2042-12-01,12650.11,0.0383019146603486,12165.586566335978,100.5672095317405,0.7180746974156729,72.21476855444314,1,51.14574865619333,72.21476855444314,878535.0182169953,0.0,from_series_asof
2043-01-01,13396.76,0.0389108952770362,12875.480074588413,90.9207227196465,0.7768830399283165,70.63476745891853,1,51.14574865619333,70.63476745891853,909456.5409904916,0.0,from_series_asof
2043-02-01,11596.42,0.0389108952770362,11145.192915791473,85.20724786833222,0.8054263866053692,68.62816576317887,1,51.14574865619333,68.62816576317887,764874.1468875441,0.0,from_series_asof
2043-03-01,11502.2,0.0389108952770362,11054.639100344475,85.60853630626599,0.7871756512980447,67.38895532355724,1,51.14574865619333,67.38895532355724,744960.5804511629,0.0,from_series_asof
2043-04-01,10484.86,0.0348991180684832,10118.947632928484,77.66881141055563,0.8127037041742952,63.121730732173326,1,51.14574865619333,63.121730732173326,638725.4877786745,0.0,from_series_asof
2043-05-01,9822.43,0.0348991180684832,9479.635855710589,75.84516790943604,0.8284445115263305,62.83351308036526,1,51.14574865619333,62.83351308036526,595638.8235368908,0.0,from_series_asof
2043-06-01,8644.7,0.0348991180684832,8343.007594033385,83.9983290466327,0.8471848438145233,71.16211127405246,1,51.14574865619333,71.16211127405246,593706.0347668685,0.0,from_series_asof
2043-07-01,8432.48,0.0333784446211271,8151.016933301237,92.97421299510636,0.8208950986624381,76.32207574968037,1,51.14574865619333,76.32207574968037,622102.5318203444,0.0,from_series_asof
2043-08-01,9098.68,0.0333784446211271,8794.980213494642,102.0854883875678,0.841541619928639,85.90918726888007,1,51.14574865619333,85.90918726888007,755569.602187206,0.0,from_series_asof
2043-09-01,8985.14,0.0333784446211271,8685.230002096925,103.0486610643494,0.8277626846785867,85.29983633515961,1,51.14574865619333,85.29983633515961,740848.6977120857,0.0,from_series_asof
2043-10-01,9986.17,0.0383623534766719,9603.077016581863,91.4059100352859,0.7810349424540846,71.39120968437275,1,51.14574865619333,71.39120968437275,685575.2849059765,0.0,from_series_asof
2043-11-01,12053.19,0.0383623534766719,11590.801264698513,102.0859176855132,0.7977122121086578,81.43518322205308,1,51.14574865619333,81.43518322205308,943899.0246811281,0.0,from_series_asof
2043-12-01,12776.78,0.0383623534766719,12286.632649346328,103.57288162882418,0.7165982189822983,74.22014251007981,1,51.14574865619333,74.22014251007981,911915.6262034839,0.0,from_series_asof
2044-01-01,13324.08,0.0389743638476713,12804.78245814452,93.82992994839128,0.7752856419725932,72.74499747628198,1,51.14574865619333,72.74499747628198,931483.8676020629,0.0,from_series_asof
2044-02-01,12157.69,0.0389743638476713,11683.851766392805,88.05932034839117,0.803770298883892,70.77946623593876,1,51.14574865619333,70.77946623593876,826976.791605113,0.0,from_series_asof
2044-03-01,10916.92,0.0389743638476713,10491.43998782408,88.4646216705761,0.7855570900583826,69.49401077265348,1,51.14574865619333,69.49401077265348,729092.2435344942,0.0,from_series_asof
2044-04-01,9678.87,0.0349426275485285,9340.664850499375,80.44549952576034,0.8110326531036259,65.24392691062388,1,51.14574865619333,65.24392691062388,609421.6548026148,0.0,from_series_asof
2044-05-01,9092.4,0.0349426275485285,8774.687653277759,78.6036195895199,0.8267410947941739,64.98484251422445,1,51.14574865619333,64.98484251422445,570221.6952597649,0.0,from_series_asof
2044-06-01,8209.34,0.0349426275485285,7922.484089960763,86.83831233802204,0.8454428939094846,73.41683408527305,1,51.14574865619333,73.41683408527305,581643.6999758648,0.0,from_series_asof
2044-07-01,8382.0,0.0334143885616334,8101.920595076389,95.90395512592022,0.8192072047516792,78.56521100333558,1,51.14574865619333,78.56521100333558,636529.1010844467,0.0,from_series_asof
2044-08-01,8615.93,0.0334143885616334,8328.033967160167,105.10634327224908,0.8398112734102566,88.26949198696306,1,51.14574865619333,88.26949198696306,735111.3275314005,0.0,from_series_asof
2044-09-01,9091.87,0.0334143885616334,8788.070723068144,106.07914767572493,0.8260606698933857,87.62781179072871,1,51.14574865619333,87.62781179072871,770079.4073246286,0.0,from_series_asof
2044-10-01,10147.85,0.0384230929836236,9757.938215866136,94.31996913627626,0.7794290075111103,73.51571993236637,1,51.14574865619333,73.51571993236637,717361.8529949496,0.0,from_series_asof
2044-11-01,10674.76,0.0384230929836236,10264.602703942135,105.10677686296742,0.7960719859853077,83.67256059781707,1,51.14574865619333,83.67256059781707,858865.5917581152,0.0,from_series_asof
2044-12-01,12941.83,0.0384230929836236,12444.564862531752,106.60861044565728,0.7151247764288567,76.23845871034175,1,51.14574865619333,76.23845871034175,948754.4444402966,0.0,from_series_asof
2045-01-01,14139.85,0.0390381481823395,13587.856440423946,96.76822924835352,0.7736915285270181,74.86875920001152,1,51.14574865619333,74.86875920001152,1017305.9518824262,0.0,from_series_asof
2045-02-01,12350.01,0.0390381481823395,11867.888479566625,90.93991355229906,0.8021176163482724,72.94450668948808,1,51.14574865619333,72.94450668948808,865697.2705878462,0.0,from_series_asof
2045-03-01,12645.79,0.0390381481823395,12152.121776097254,91.34926788766712,0.7839418568440251,71.61251468920004,1,51.14574865619333,71.61251468920004,870243.9991957123,0.0,from_series_asof
2045-04-01,10905.49,0.0349863534936487,10523.946671838548,83.24995452135676,0.8093650379858954,67.37960260350198,1,51.14574865619333,67.37960260350198,709099.3445689286,0.0,from_series_asof
2045-05-01,10550.01,0.0349863534936487,10180.90362077847,81.38965578572021,0.8250411805640231,67.14981769515008,1,51.14574865619333,67.14981769515008,683645.8221071676,0.0,from_series_asof
2045-06-01,9144.45,0.0349863534936487,8824.519039795005,89.70669546168648,0.8437045257369259,75.68594494992904,1,51.14574865619333,75.68594494992904,667892.0622555254,0.0,from_series_asof
2045-07-01,9076.33,0.0334505113277143,8772.722120520928,98.86299467744556,0.8175227814254794,80.82275038875765,1,51.14574865619333,80.82275038875765,709035.5301767957,0.0,from_series_asof
2045-08-01,8967.01,0.0334505113277143,8667.058930419273,108.15740670521978,0.838084484765903,90.64504447216035,1,51.14574865619333,90.64504447216035,785625.9421906895,0.0,from_series_asof
2045-09-01,9685.53,0.0334505113277143,9361.544069020085,109.13993915270812,0.8243621547275596,89.97083540676121,1,51.14574865619333,89.97083540676121,842265.9405869477,0.0,from_series_asof
2045-10-01,11511.7,0.0384841346771771,11068.68218683674,97.26316882783568,0.7778263746317201,75.65385799454836,1,51.14574865619333,75.65385799454836,837388.5103497338,0.0,from_series_asof
2045-11-01,12691.48,0.0384841346771771,12203.0593744273,108.1578446317818,0.7944351324337883,85.92439162380266,1,51.14574865619333,85.92439162380266,1048540.4526968076,0.0,from_series_asof
2045-12-01,13788.88,0.0384841346771771,13258.226885032565,109.67469655028236,0.7136543635130848,78.26982576008247,1,51.14574865619333,78.26982576008247,1037719.1081791398,0.0,from_series_asof
