month,cf_hist,wind_mwh_hist,wind_mwh_low,cf_low,wind_mwh_base,cf_base,wind_mwh_high,cf_high
2015-01-01,0.7971657646881044,7830853.25,,,,,,
2015-02-01,0.8690542944179981,5325677.75,,,,,,
2015-03-01,0.8255342879088481,7010958.25,,,,,,
2015-04-01,0.8730305964403778,5157796.5,,,,,,
2015-05-01,0.9108853171899532,5105062.25,,,,,,
2015-06-01,0.9352319647730498,3871212.5,,,,,,
2015-07-01,0.8438483980050792,5401805.25,,,,,,
2015-08-01,0.9394317407515804,3553163.75,,,,,,
2015-09-01,0.8796387097310245,5328808.5,,,,,,
2015-10-01,0.9307452220979952,3438960.5,,,,,,
2015-11-01,0.8363187233591128,9763092.0,,,,,,
2015-12-01,0.8596254975904842,10359892.25,,,,,,
2016-01-01,0.843399934260027,8406655.5,,,,,,
2016-02-01,0.8476904277698321,9366679.75,,,,,,
2016-03-01,0.885148550782457,5710792.5,,,,,,
2016-04-01,0.9594746283445816,5587231.75,,,,,,
2016-05-01,0.840229734804759,5706867.75,,,,,,
2016-06-01,0.9633910888369888,2902409.5,,,,,,
2016-07-01,0.8833173371246897,4302145.75,,,,,,
2016-08-01,0.9387251967374728,4262079.75,,,,,,
2016-09-01,0.9116825453835888,3729333.5,,,,,,
2016-10-01,0.912104248421158,4488192.0,,,,,,
2016-11-01,0.8668111264786234,7267011.75,,,,,,
2016-12-01,0.6650078674754464,8416867.75,,,,,,
2017-01-01,0.796002572213315,7186927.25,,,,,,
2017-02-01,0.8310610612983536,8439755.75,,,,,,
2017-03-01,0.916222166975428,8511720.0,,,,,,
2017-04-01,0.8584551912833392,7421613.0,,,,,,
2017-05-01,0.8703020447211074,4963043.75,,,,,,
2017-06-01,0.85696744583063,6153125.0,,,,,,
2017-07-01,0.8963757838970061,5011439.25,,,,,,
2017-08-01,0.8851074120163239,4804535.25,,,,,,
2017-09-01,0.8240239875515648,5904335.5,,,,,,
2017-10-01,0.7110785406630726,11014475.5,,,,,,
2017-11-01,0.7781521585823284,9256318.75,,,,,,
2017-12-01,0.7368746365402401,13454183.0,,,,,,
2018-01-01,0.7662484585750495,13144978.0,,,,,,
2018-02-01,0.9003090338258714,6859993.0,,,,,,
2018-03-01,0.8148924669900246,9588788.75,,,,,,
2018-04-01,0.9190437359638376,8002044.25,,,,,,
2018-05-01,0.8446908004296617,6270346.75,,,,,,
2018-06-01,0.891257853677082,5135329.25,,,,,,
2018-07-01,0.9505727463099204,4064678.75,,,,,,
2018-08-01,0.9364000264231565,5343261.5,,,,,,
2018-09-01,0.8825727774185559,6545188.25,,,,,,
2018-10-01,0.8249529792385146,8733167.0,,,,,,
2018-11-01,0.9212191950381042,8035869.5,,,,,,
2018-12-01,0.8294148831145396,12092006.75,,,,,,
2019-01-01,0.7913858813006717,12551354.25,,,,,,
2019-02-01,0.8977788571766797,8914979.0,,,,,,
2019-03-01,0.8067350106096033,13736642.0,,,,,,
2019-04-01,0.9219362017284696,7303645.75,,,,,,
2019-05-01,0.9491406744264954,6428337.75,,,,,,
2019-06-01,0.7478043560132084,5114514.5,,,,,,
2019-07-01,0.9210644724288692,4862707.5,,,,,,
2019-08-01,0.8332421822301923,4493530.5,,,,,,
2019-09-01,0.8641271028355628,7145538.75,,,,,,
2019-10-01,0.8761714169867824,9341217.0,,,,,,
2019-11-01,0.9046159763857736,7880445.25,,,,,,
2019-12-01,0.8298915951927173,12208935.0,,,,,,
2020-01-01,0.8892173696652799,12670559.0,,,,,,
2020-02-01,0.801370670148446,17239833.25,,,,,,
2020-03-01,0.8173275716339073,11552708.75,,,,,,
2020-04-01,0.6561987925727963,6991474.0,,,,,,
2020-05-01,0.7418702532802646,6132951.75,,,,,,
2020-06-01,0.8489769334655407,4983084.0,,,,,,
2020-07-01,0.7245227771392173,5480898.5,,,,,,
2020-08-01,0.8639570295298692,5156488.25,,,,,,
2020-09-01,0.8713188572706236,4632294.25,,,,,,
2020-10-01,0.8859669990959038,10816688.5,,,,,,
2020-11-01,0.8295916172231614,8665897.5,,,,,,
2020-12-01,0.7772918524357464,9073761.0,,,,,,
2021-01-01,0.8838423830800066,9223364.5,,,,,,
2021-02-01,0.9033426083189586,8487553.25,,,,,,
2021-03-01,0.743485203895938,9086611.25,,,,,,
2021-04-01,0.8399588953639053,7735461.0,,,,,,
2021-05-01,0.809950076338887,8828518.25,,,,,,
2021-06-01,0.8650260832050826,3361513.75,,,,,,
2021-07-01,0.85478206431339,4704354.75,,,,,,
2021-08-01,0.8902143299225604,6191015.5,,,,,,
2021-09-01,0.9231758067302543,4465397.5,,,,,,
2021-10-01,0.8028855536070918,10167443.25,,,,,,
2021-11-01,0.8091082944249354,7822972.75,,,,,,
2021-12-01,0.7496126000956357,9782408.0,,,,,,
2022-01-01,0.7889801281913014,12982727.75,,,,,,
2022-02-01,0.8596946300768242,17728127.25,,,,,,
2022-03-01,0.8179331024127248,6793504.0,,,,,,
2022-04-01,0.7914207750015567,9550806.0,,,,,,
2022-05-01,0.7913465861919791,6454706.0,,,,,,
2022-06-01,0.9105198867698971,4412514.75,,,,,,
2022-07-01,0.8987415020852123,5502496.0,,,,,,
2022-08-01,0.9925071049033212,3527019.25,,,,,,
2022-09-01,0.8340116597492033,6189613.5,,,,,,
2022-10-01,0.8467040971896496,8613400.25,,,,,,
2022-11-01,0.7997193134836902,10118516.25,,,,,,
2022-12-01,0.6093778772271731,9410138.25,,,,,,
2023-01-01,0.7627862272091563,14692525.75,,,,,,
2023-02-01,0.837630935069364,10445029.0,,,,,,
2023-03-01,0.8509837017682864,12133716.25,,,,,,
2023-04-01,0.9055675186026236,8382426.5,,,,,,
2023-05-01,1.0098968064125304,6771381.25,,,,,,
2023-06-01,0.9829993685400272,4872287.25,,,,,,
2023-07-01,0.8004890662131304,8392192.75,,,,,,
2023-08-01,0.7339691885049526,5778036.5,,,,,,
2023-09-01,0.878258506831602,5339625.25,,,,,,
2023-10-01,0.8082344425554973,11857250.75,,,,,,
2023-11-01,0.8488888543617532,14477253.5,,,,,,
2023-12-01,0.6786395758987744,16331164.75,,,,,,
2024-01-01,0.8575479503325244,15593084.75,,,,,,
2024-02-01,0.8818434631285619,14148354.0,,,,,,
2024-03-01,0.8673996697790639,9393471.75,,,,,,
2024-04-01,0.81147041545214,9724048.5,,,,,,
2024-05-01,0.8936559177774147,6274470.0,,,,,,
2024-06-01,0.8213854820827964,5693810.5,,,,,,
2024-07-01,0.7962444278290781,5548569.25,,,,,,
2024-08-01,0.8161256180272725,5204624.75,,,,,,
2024-09-01,0.8333547783596332,8986503.75,,,,,,
2024-10-01,0.8103438589199886,8389045.5,,,,,,
2024-11-01,0.7996357070589065,10300191.5,,,,,,
2024-12-01,0.678921664750227,13757540.0,,,,,,
2025-01-01,0.7624826815595828,13253343.0,,,,,,
2025-02-01,0.9039940754471032,7260679.75,,,,,,
2025-03-01,0.8461786901389727,6526920.5,,,,,,
2025-04-01,0.995593530428029,5876514.75,,,,,,
2025-05-01,0.9731317396080782,7894329.5,,,,,,
2025-06-01,0.8898558714550471,8705267.75,,,,,,
2025-07-01,0.9453370489262092,6193497.28,,,,,,
2025-08-01,0.9180756708029312,5483354.49,,,,,,
2025-09-01,0.7932076348765756,9763607.04,,,,,,
2025-10-01,0.6984761049626177,13717685.62,,,,,,
2025-11-01,0.8786533220749594,9908591.42,,,,,,
2025-12-01,0.8957505447033655,12331010.68,,,,,,
2026-01-01,,,13103059.484574642,0.8492030747426846,13244361.45920035,0.8483026536483922,13456531.710088486,0.846970275358313
2026-02-01,,,13689202.763027957,0.8479966013963295,13848246.970530061,0.8467726649271549,14087302.693321768,0.8449624334085396
2026-03-01,,,9853240.617301166,0.8200502205273487,9975945.412549093,0.8187104482705418,10160569.296187991,0.8167293616956085
2026-04-01,,,8533402.529355861,0.8441655622383798,8646802.502112843,0.8426718790898418,8817601.133243259,0.8404635807784577
2026-05-01,,,6941277.461347821,0.8598682058847109,7039325.437522491,0.8582435082662649,7187152.922073533,0.855841873297681
2026-06-01,,,4699670.560019861,0.8792027800737486,4769989.096843592,0.8774399093354863,4876117.474608206,0.8748344007231785
2026-07-01,,,5972682.425109518,0.8519568326478111,6067052.119957717,0.8501511869876742,6209625.822393165,0.8474828366845745
2026-08-01,,,5214603.942758426,0.8734667751366975,5301368.1288230885,0.8715160015609547,5432585.876867274,0.8686335922980556
2026-09-01,,,5974607.4885946335,0.8592582369012907,6079030.8134803735,0.8572413748189331,6237117.332225739,0.8542617368285655
2026-10-01,,,10060336.32471937,0.8108437221831425,10244618.665359516,0.8088482236576238,10523889.963258559,0.8059005645923316
2026-11-01,,,10375679.56313895,0.828251579887865,10574459.544784559,0.826119001294311,10876010.372046163,0.8229692995780001
2026-12-01,,,11788004.199059997,0.7441170188677465,12023758.447539996,0.7421164148082282,12381766.44616,0.7391620503393418
2027-01-01,,,13168574.781997515,0.8051499597737084,13443026.881088354,0.8028936777033087,13860227.661391139,0.7995622157076347
2027-02-01,,,13757648.776843095,0.8348270672077652,14055970.67508801,0.8323926685443391,14509921.774121422,0.8287987211342658
2027-03-01,,,9902506.82038767,0.8160031900945485,10125584.593737328,0.813530882402419,10465386.375073629,0.8098814856312622
2027-04-01,,,8576069.54200264,0.8425622184517824,8776504.539644536,0.8399136329057572,9082129.167240558,0.836004583899231
2027-05-01,,,6975983.848654561,0.858979312182233,7144915.319085329,0.8561814540670567,7402767.509735739,0.8520526778462385
2027-06-01,,,4723168.91281996,0.8785105766984712,4841538.9332962455,0.8755492266506828,5022400.998846453,0.8711798050374514
2027-07-01,,,6002545.837235065,0.8513458378202918,6158057.901757083,0.8483792811315463,6395914.59706496,0.8440027965105219
2027-08-01,,,5240676.962472217,0.8728577891566051,5380888.650755433,0.869717063381894,5595563.453173293,0.8650842871608452
2027-09-01,,,6004480.5260376055,0.8586640379614583,6170216.275682578,0.8554767990627234,6424230.852192512,0.8507760781091576
2027-10-01,,,10110638.006342966,0.8102843137570893,10398287.945339905,0.8071845770456438,10839606.662156317,0.8026135561005525
2027-11-01,,,10427557.960954644,0.8276805425945527,10733076.437956328,0.8244202141735054,11202290.68320755,0.8196130571846552
2027-12-01,,,11846944.220055297,0.7436040854692202,12204114.824253095,0.7405904638316432,12753219.4395448,0.7361476897218651
2028-01-01,,,13234417.655907499,0.8045949852482717,13644672.284304678,0.8012427856797019,14276034.491232876,0.7963015687026807
2028-02-01,,,13826437.020727308,0.8342516456662152,14266810.235214328,0.8306811302292898,14945219.427345064,0.8254188553899853
2028-03-01,,,9952019.354489608,0.8154407457545062,10277468.362643387,0.8118581295370708,10779347.966325838,0.8065787674116687
2028-04-01,,,8618949.889712652,0.841981468564351,8908152.107739203,0.8381866335052264,9354593.042257775,0.8325953357185459
2028-05-01,,,7010863.767897832,0.8583872467523311,7252089.048871608,0.854421005583623,7624850.535027811,0.848577985337047
2028-06-01,,,4746784.75738406,0.8779050490886193,4914162.017295688,0.8737489549343262,5173073.028811846,0.8676271116781111
2028-07-01,,,6032558.566421239,0.8507590339624741,6250428.770283437,0.8466348752622951,6587792.034976908,0.8405609316987592
2028-08-01,,,5266880.347284579,0.8722561578440794,5461601.980516765,0.8679287835646984,5763430.356768491,0.8615564515004304
2028-09-01,,,6034502.928667793,0.8580721899222994,6262769.519817815,0.8537177995477595,6616957.777758287,0.8473065916894749
2028-10-01,,,10161191.196374679,0.8097258122236144,10554262.264520004,0.8055248741983562,11164794.862021007,0.7993404776672501
2028-11-01,,,10479695.750759415,0.8271100504298508,10894072.58452567,0.8227250720515551,11538359.403703775,0.8162706543549908
2028-12-01,,,11906178.941155571,0.7430915443587958,12387176.546616893,0.7390676893184154,13135816.022731146,0.7331456607771257
2029-01-01,,,13300589.744187037,0.8040404051763852,13849342.368569247,0.7995953001225402,14704315.525969861,0.7930542307141804
2029-02-01,,,13895569.205830945,0.8336766242627695,14480812.38874254,0.8289731146451039,15393576.010165416,0.8220527763680673
2029-03-01,,,10001779.451262055,0.8148786900672492,10431630.388083037,0.8101888171054592,11102728.405315615,0.8032895187462434
2029-04-01,,,8662044.639161216,0.8414011192557894,9041774.389355289,0.836463185384902,9635230.833525507,0.8291999908278794
2029-05-01,,,7045918.08673732,0.8577955894965248,7360870.384604681,0.8526641769524143,7853596.0510786455,0.845117462795974
2029-06-01,,,4770518.681170979,0.8772999388727262,4987874.447555123,0.8719523848939292,5328265.219676202,0.8640889063168025
2029-07-01,,,6062721.359253344,0.8501726345753781,6344185.201837688,0.8448940561820982,6785425.796026216,0.8371331029057067
2029-08-01,,,5293214.749021,0.8716549412175943,5543526.010224516,0.8661441807437796,5936333.267471545,0.8580430024452566
2029-09-01,,,6064675.443311132,0.8574807498244952,6356711.062615082,0.8519624168225963,6815466.511091036,0.8438512539239348
2029-10-01,,,10211997.152356552,0.8091676956464771,10712576.198487803,0.8038685839703603,11499738.707881637,0.7960807469309402
2029-11-01,,,10532094.229513213,0.826539951486118,11057483.673293553,0.8210334154177087,11884510.18581489,0.8129418819288599
2029-12-01,,,11965709.835861348,0.74257935652561,12572984.194816144,0.7375480458774061,13529890.50341308,0.7301558741825546
2030-01-01,,,13367092.69290797,0.8034862073577619,14057082.504097786,0.7979512020637907,15145444.991748959,0.7898201354523412
2030-02-01,,,13965047.051860096,0.833101999202102,14698024.574573679,0.8272686110189132,15855383.29047038,0.8187004243017532
2030-03-01,,,10051788.348518364,0.814317021785941,10588104.843904283,0.8085229370518624,11435810.257475084,0.8000136837202797
2030-04-01,,,8705354.86235702,0.8408211699623502,9177401.005195618,0.8347432809543778,9924287.758531272,0.8258184922397707
2030-05-01,,,7081147.677171006,0.8572043400500257,7471283.440373751,0.8509109606467676,8089203.932611005,0.8416710523535702
2030-06-01,,,4794371.2745768335,0.8766952457388096,5062692.56426845,0.8701595088938993,5488113.176266489,0.8605651298466735
2030-07-01,,,6093034.966049612,0.8495866393735183,6439347.979865254,0.8431568165092219,6988988.569907002,0.83371925288539
2030-08-01,,,5319680.822766105,0.871054138989367,5626678.900377883,0.8643632473566772,6114423.265495692,0.8545438813244176
2030-09-01,,,6094998.820527687,0.8568897173863181,6452061.7285543075,0.8502106434499773,7019930.506423767,0.8404100071134173
2030-10-01,,,10263057.138118334,0.8086099637601931,10873264.84146512,0.8022156993446087,11844730.869118087,0.7928343094592274
2030-11-01,,,10584754.700660778,0.825970245492278,11223345.928392954,0.819345237105192,12241045.491389336,0.8096266843210882
2030-12-01,,,12025538.385040654,0.7420675217261502,12761578.957738385,0.7360315270706096,13935787.218515472,0.7271782800135259
2031-01-01,,,13433928.15637251,0.8029323915289246,14267938.74165925,0.7963104845382003,15599808.341501426,0.7865992289129847
2031-02-01,,,14034872.287119396,0.8325277702110265,14918494.943192283,0.8255676121295594,16331044.789184494,0.8153617432121694
2031-03-01,,,10102047.290260956,0.8137557406435558,10746926.416562846,0.8068604823187515,11778884.565199336,0.7967512076326151
2031-04-01,,,8748881.636668803,0.8402416204083165,9315062.020273551,0.8330269129272503,10222016.391287211,0.8224507834886473
2031-05-01,,,7116553.41555686,0.8566134981317443,7583352.691979356,0.8491613492391543,8331880.050589337,0.8382386964603389
2031-06-01,,,4818343.130949717,0.8760909693993897,5138632.9527324755,0.8683703193386879,5652756.571554483,0.85705572342634
2031-07-01,,,6123500.140879858,0.8490010480783035,6535938.199563231,0.8414231488838217,7198658.227004213,0.8303193246320187
2031-08-01,,,5346279.226879935,0.8704537508737664,5711079.083883551,0.8625859758584377,6297855.963460564,0.851059029708235
2031-09-01,,,6125473.814630324,0.8562990923267831,6548842.654482621,0.8484624720084862,7230528.421616481,0.836982793794651
2031-10-01,,,10314372.423808923,0.8080526162996082,11036363.814087093,0.8005662133186292,12200072.795191629,0.7896011110418423
2031-11-01,,,10637678.47416408,0.8254009321774841,11391696.117318848,0.8176605299620106,12608276.856131017,0.8063250061732227
2031-12-01,,,12085666.076965857,0.7415560397170822,12953002.64210446,0.7345181264732698,14353860.835070938,0.7242128285490202
2032-01-01,,,13501097.797154369,0.8023789574265805,14481957.822784137,0.7946731405948446,16067802.59174647,0.7833914573121663
2032-02-01,,,14105046.648554994,0.8319539370165457,15142272.367340164,0.8238701107707332,16820976.132860027,0.8120366773487253
2032-03-01,,,10152557.52671226,0.813194846373251,10908130.312811287,0.8052014458631108,12132251.102155317,0.7935020360051604
2032-04-01,,,8792626.044852147,0.8396624703181607,9454787.950577654,0.831314074032099,10528676.883025827,0.8190968083392035
2032-05-01,,,7152136.182634645,0.8560230634607856,7697102.982359046,0.8474153353173173,8581836.452107018,0.8348203378014722
2032-06-01,,,4842434.8466044655,0.8754871095671838,5215712.4470234625,0.8665848086483648,5822339.2687011175,0.8535606284543742
2032-07-01,,,6154117.641584257,0.8484158604113348,6633977.272556679,0.8396930459611868,7414617.973814339,0.8269332613722746
2032-08-01,,,5373010.623014334,0.8698537765853588,5796745.270141803,0.860812358719622,6486791.64236438,0.8475883894053061
2032-09-01,,,6156101.183703475,0.8557088743650968,6647075.294299861,0.8467178950919665,7447444.274264975,0.8335695567387003
2032-10-01,,,10365944.285927966,0.8074956529997506,11201909.271298401,0.7989201189043467,12566074.979047377,0.7863810976895858
2032-11-01,,,10690866.866534898,0.8248320112710753,11562571.55907863,0.8159792868508753,12986525.161814947,0.8030367923525628
2032-12-01,,,12146094.407350685,0.7410449102552389,13147297.681736026,0.7330078376738405,14784476.660123067,0.7212594702707794
2033-01-01,,,13568603.28614014,0.8018259047876185,14699187.190125898,0.7930391632970883,16549836.669498866,0.7801967670852735
2033-02-01,,,14175571.881797764,0.8313804993458498,15369406.452850264,0.8221760997509426,17325605.41684583,0.8087251711881847
2033-03-01,,,10203320.31434582,0.8126343387083697,11071752.267503455,0.8035458206564055,12496218.635219976,0.7902661145819905
2033-04-01,,,8836589.175076408,0.8390837194165464,9596609.76983632,0.8296047570124536,10844537.189516604,0.8157565107854641
2033-05-01,,,7187896.863547817,0.8554330357564479,7812559.52709443,0.8456729114842396,8839291.545670226,0.8314159192958938
2033-06-01,,,4866647.020837488,0.8748836659551077,5293948.133728814,0.8648029692585852,5997009.446762151,0.8500797865683272
2033-07-01,,,6184888.229792177,0.8478310760944049,6733486.931645028,0.8379665004117082,7637056.51302877,0.8235610065643622
2033-08-01,,,5399875.676129405,0.8692542158389073,5883696.449193929,0.8590423884262725,6681395.391635312,0.8441319024615356
2033-09-01,,,6186881.6896219915,0.8551190632206611,6746781.423714358,0.84497690530949,7670867.602492924,0.830170238950011
2033-10-01,,,10417774.007357607,0.8069390735958308,11369937.910367874,0.7972774091280567,12943057.228418801,0.7831742156334273
2033-11-01,,,10744321.200867571,0.8242634825025775,11736010.132464807,0.8143015006491727,13376120.916669395,0.7997619879512408
2033-12-01,,,12206824.879387435,0.7405341330976217,13344507.146962065,0.7315006542739587,15228010.959926758,0.7183181558624839
2034-01-01,,,13636446.302570838,0.8012732333491085,14919674.997977784,0.7914085457225608,17046331.769583832,0.7770151048861319
2034-02-01,,,14246449.741206754,0.8308074569263182,15599947.549643017,0.8204855718934827,17845373.5793512,0.8054271694337342
2034-03-01,,,10254336.915917547,0.8120742173824373,11237828.551516006,0.8018935996845519,12871105.194276575,0.7870433893284347
2034-04-01,,,8880772.120951787,0.8385053674283266,9740558.916383862,0.8278989546267658,11169873.3052021,0.8124298350498464
2034-05-01,,,7223836.3478655545,0.8548434147382226,7929747.920000847,0.8439340703581155,9104470.292040335,0.8280253840953047
2034-06-01,,,4890980.255941674,0.8742806382762747,5373357.355734745,0.8630247936205575,6176919.730165016,0.8466131396437531
2034-07-01,,,6215812.670941138,0.8472466948494978,6834489.235619703,0.8362435049208474,7866168.208419633,0.8202025038970644
2034-08-01,,,5426875.054510051,0.8686550683493713,5971951.895931838,0.8572760574798807,6881837.253384371,0.8406895111591659
2034-09-01,,,6217816.098070102,0.8545296586130706,6847983.145070072,0.8432394952853253,7900993.630567713,0.8267847836654584
2034-10-01,,,10469862.877394393,0.8063828778232435,11540486.979023391,0.7956380770303919,13331348.945271365,0.779980411323609
2034-11-01,,,10798042.80687191,0.8236953456017044,11912050.28445178,0.8126271642489349,13777404.544169478,0.7965005382853044
2034-12-01,,,12267859.003784373,0.7400237080013994,13544674.754166495,0.7299965698884179,15684851.288724562,0.7153888362089266
2035-01-01,,,13704628.53408369,0.8007209428483025,15143470.12294745,0.7897812809631244,17557721.722671345,0.7738464175861138
2035-02-01,,,14317681.989912786,0.830234809485518,15833946.762887662,0.8187985200364047,18380734.786731742,0.8021426170140633
2035-03-01,,,10305608.600497134,0.8115144821291641,11406395.979788747,0.8002447759478898,13257238.350104874,0.7838338064301797
2035-04-01,,,8925175.981556546,0.8379274140785434,9886667.30012962,0.8261966596483755,11504969.504358165,0.809116725582231
2035-05-01,,,7259955.529604882,0.8542542001257947,8048694.138800859,0.842198804572316,9377604.400801545,0.8246486755832353
2035-06-01,,,4915435.157221382,0.8736780262439964,5453957.716070767,0.8612502742010122,6362227.322069967,0.8431606297932387
2035-07-01,,,6246891.734295842,0.8466627163987902,6937006.574153998,0.8345240521891067,8102153.254672223,0.8168576972888034
2035-08-01,,,5454009.429782601,0.868056333831907,6061531.174370815,0.8555133583973582,7088292.370985903,0.8372611580158135
2035-09-01,,,6248905.178560451,0.853940660262113,6950702.892246123,0.8415056576589068,8138023.439484744,0.8234131343533991
2035-10-01,,,10522212.191781363,0.8058270654175639,11713594.283708742,0.7940021156662961,13731289.413629506,0.7767996314287491
2035-11-01,,,10852033.020906268,0.8231276002983546,12090731.038718555,0.8109562705568076,14190726.680494564,0.7932523888938039
2035-12-01,,,12329198.298803294,0.7395136347239082,13747844.87547899,0.7284955781451399,16155396.8273863,0.7124714623951931
2036-01-01,,,13773151.67675411,0.8001690330226326,15370622.17479166,0.7881573621248449,18084453.374351487,0.7706906522732516
2036-02-01,,,14389270.399862347,0.829662556751203,16071455.964330977,0.8171149370324866,18932156.830333695,0.798871459082445
2036-03-01,,,10357136.643499617,0.8109551326824428,11577491.919485576,0.7985993424611507,13654955.500608021,0.7806373122923674
2036-04-01,,,8969801.861464329,0.8373498590924294,10034967.309631564,0.8244978648654827,11850118.589488909,0.8058171270590334
2036-05-01,,,7296255.307252906,0.8536653916390426,8169424.55088287,0.8404671067753593,9658932.532825591,0.8212857373740995
2036-06-01,,,4940012.333007488,0.8730758295717818,5535767.081811828,0.8594794034821687,6553094.141732066,0.8397221993654383
2036-07-01,,,6278126.192967321,0.8460791404646494,7041061.672766307,0.8328081349319968,8345217.85231239,0.8135265308867031
2036-08-01,,,5481279.476931513,0.8674580120018663,6152454.141986377,0.8537542837110009,7300941.14211548,0.8338467857835105
2036-09-01,,,6280149.704453253,0.8533520678877694,7054963.435629814,0.8397753850848033,8382164.142669286,0.8200552347127273
2036-10-01,,,10574823.25274027,0.8052716361145503,11889298.197964372,0.7923695181049916,14143228.096038392,0.7736318228349538
2036-11-01,,,10906293.186010798,0.8225602463226129,12272092.004299333,0.8092888124940235,14616448.480909402,0.790017485537884
2036-12-01,,,12390844.290297309,0.739003913022651,13954062.548611175,0.7269976726851494,16640058.732207887,0.7095659857058465
2037-01-01,,,13842017.43513788,0.7996175036097126,15601181.507413534,0.7865367823279646,18626986.975582033,0.7675477562513539
2037-02-01,,,14461216.751861656,0.8290906984513159,16312527.80379594,0.8154348157492012,19500121.535243705,0.795613641015816
2037-03-01,,,10408922.326717114,0.81039616877635,11751154.298277859,0.7969572922534294,14064604.165626261,0.7774538535387004
2037-04-01,,,9014650.870771648,0.8367727021954056,10185491.819276035,0.8228025630811164,12205622.147173576,0.8025309843822789
2037-05-01,,,7332736.583789169,0.8530769889980377,8291965.919146113,0.8387389696308805,9948700.508810358,0.817936513312252
2037-06-01,,,4964712.394672525,0.8724740479733367,5618803.588039004,0.857712173961705,6749686.965984029,0.8362977909441083
2037-07-01,,,6309516.823932158,0.8454959667696345,7146677.597857802,0.8310957458800063,8595574.387881761,0.8102089490656571
2037-08-01,,,5508685.874316171,0.8668601025747984,6244740.954116172,0.8519988259684608,7519969.376378945,0.8304463374477471
2037-09-01,,,6311550.452975518,0.8527638812102141,7160787.88716426,0.8380486702326869,8633629.066949366,0.8167110286719341
2037-10-01,,,10627697.36900397,0.804716589650143,12067637.670933835,0.7907402774299536,14567524.938919544,0.7704769326449283
2037-11-01,,,10960824.65194085,0.8219932834047505,12456173.38436382,0.8076247829963697,15054941.935336683,0.7867957741998745
2037-12-01,,,12452798.511748794,0.7384945426552981,14163373.486840341,0.7255028471625455,17139260.494174127,0.7066723576241111
2038-01-01,,,13911227.522313565,0.7990663543473367,15835199.230024736,0.7849195347068708,19185796.584849495,0.7644176770391262
2038-02-01,,,14533522.835620964,0.828519234313986,16557215.720852874,0.813758149068688,20085125.181301016,0.7923691084138693
2038-03-01,,,10460966.938350698,0.8098375901451457,11927421.612752026,0.7953186183681527,14486542.290595049,0.774283377010552
2038-04-01,,,9059724.125125507,0.8361959431130827,10338274.196565175,0.8211107471131022,12571790.811588787,0.7992582426786853
2038-05-01,,,7369400.266708115,0.8524889919230445,8416345.407933304,0.837014385817598,10247161.52407467,0.8146009474710533
2038-06-01,,,4989535.956645887,0.8718726811625657,5703085.641859589,0.8559485781527244,6952177.574963549,0.8328873473471513
2038-07-01,,,6341064.408051818,0.8449131950364955,7253877.761825668,0.8293868777785716,8853441.619518213,0.806904896427399
2038-08-01,,,5536229.30368775,0.8662626052664474,6338412.068427914,0.850246977732713,7745568.457670312,0.8270597562265198
2038-09-01,,,6343108.205240396,0.8521760999498139,7268199.705471723,0.8363255057873025,8892637.938957848,0.8133804603881725
2038-10-01,,,10680835.855848989,0.8041619257604643,12248652.235997843,0.7891143867388766,15004550.68708713,0.7673349081770942
2038-11-01,,,11015628.775200553,0.8214267112752245,12643015.985129276,0.8059641750141573,15506590.193396783,0.7835872010823927
2038-12-01,,,12515062.504307535,0.7379855233796875,14375824.089142943,0.7240110952444753,17653438.308999352,0.7037905298310654
2039-01-01,,,13980783.659925131,0.79851558497348,16072727.218475105,0.7833056124100682,19761370.48239498,0.7613003623692933
2039-02-01,,,14606190.449799066,0.8279481640675307,16805573.956665665,0.8120849298877216,20687678.936740045,0.7891378070981433
2039-03-01,,,10513271.773042452,0.8092793965232729,12106332.936943304,0.7936833138630534,14921138.5593129,0.7711258297660772
2039-04-01,,,9105022.745751131,0.8356195815712605,10493348.30951365,0.8194224097940356,12948944.53593645,0.7959988472987435
2039-05-01,,,7406247.2680416545,0.8519014001345192,8542590.589052303,0.8352933480292848,10554576.36979691,0.811278984151933
2039-06-01,,,5014483.636429116,0.8712717288535691,5788631.926487482,0.8541886085837248,7160742.902212455,0.8294908116256592
2039-07-01,,,6372769.730092076,0.8443308249881737,7362685.928253052,0.8276815233880449,9119044.868103761,0.8036143177995786
2039-08-01,,,5563910.4502061885,0.865665519792754,6433488.249454332,0.8484987315820238,7977935.511400423,0.8236869855693842
2039-09-01,,,6374823.746266597,0.8515887238271282,7377222.701053799,0.8346058844484361,9159417.077126583,0.8100634742463234
2039-10-01,,,10734240.035128232,0.8036076441818185,12432382.019537808,0.787491839143649,15454687.207699744,0.7642056969647104
2039-11-01,,,11070706.919076556,0.8208605296646776,12832661.224906215,0.804306981512195,15971787.899198689,0.7803917126074416
2039-12-01,,,12577637.816829072,0.737476854953823,14591461.450480087,0.7225224106111083,18183041.45826933,0.7009204542048321
2040-01-01,,,14050687.578224756,0.7979651952262982,16313818.12675223,0.7816950086001482,20354211.59686683,0.7581957601877278
2040-02-01,,,14679221.402048063,0.8273774874404543,17057657.56601565,0.8104151511176811,21308309.30484225,0.7859196831111165
2040-03-01,,,10565838.131907662,0.8087215876453576,12287927.930997454,0.7920513718101366,15368772.716092288,0.7679811590793295
2040-04-01,,,9150547.859479887,0.8350436172959277,10650748.534156354,0.8177375439712473,13337412.872014543,0.7927527438158076
2040-05-01,,,7443278.504381861,0.8513142133531123,8670729.447888087,0.8335758489747365,10871213.660890818,0.8079705678834608
2040-06-01,,,5039556.054611262,0.8706711907606444,5875461.405384794,0.8524322577985669,7375565.189278829,0.8261081270629631
2040-07-01,,,6404633.578742536,0.8437488563478016,7473126.217176848,0.8259796754836649,9392616.214146875,0.8003371582348395
2040-08-01,,,5591730.002457219,0.8650688458698541,6529990.573196146,0.8467540801099199,8217273.576742435,0.8203279691565095
2040-09-01,,,6406697.864997929,0.8510017525629099,7487881.0415696055,0.8328897989308841,9434199.58944038,0.8067600148580671
2040-10-01,,,10787911.235303873,0.8030537446506913,12618867.749830876,0.7858726277703219,15918327.823930738,0.7610892467549959
2040-11-01,,,11126060.453671938,0.8202947383039385,13025151.143279808,0.8026531954697549,16450941.536174648,0.7772092554155171
2040-12-01,,,12640526.005913217,0.7369685371358758,14810333.372237286,0.7210367869556077,18728532.70201741,0.6980620828197772
2041-01-01,,,14120941.01611588,0.7974151848441277,16558525.398653511,0.7800877164537623,20964837.944772836,0.7551038186525802
2041-02-01,,,14752617.5090583,0.8268072041614478,17313522.429505885,0.8087488056845228,21947558.58398752,0.7827146827153092
2041-03-01,,,10618667.3225672,0.808164163246209,12472246.849962413,0.7904227852956538,15829835.897575058,0.7648493124393797
2041-04-01,,,9196300.598777285,0.8344680500132623,10810509.762168698,0.8160561425067763,13737535.258174978,0.7895198780251848
2041-05-01,,,7480494.89690377,0.8507274312996662,8800790.389606407,0.8318618813777406,11197350.070717543,0.8046756434204211
2041-06-01,,,5064753.834884317,0.8700710665982877,5963593.326465566,0.850679518356442,7596832.144957194,0.8227392371736865
2041-07-01,,,6436656.746636247,0.8431672888387022,7585223.1104345,0.8242813268555257,9674394.70057128,0.7970733630099026
2041-08-01,,,5619688.652469505,0.8644725832140804,6627940.431794087,0.8450130159251582,8463791.784044709,0.8169826508977394
2041-09-01,,,6438731.354322918,0.8504151858781033,7600199.257193149,0.8311772419644222,9717225.577123592,0.80347002706096
2041-10-01,,,10841850.79148039,0.8025002269037503,12808150.766078334,0.7842567457590793,16395877.658648659,0.7579855055082586
2041-11-01,,,11181690.755940296,0.8197293369240207,13220528.410429003,0.8010028098805462,16944469.78225989,0.7740397763647175
2041-12-01,,,12703728.63594278,0.7364605696841843,15032488.372820843,0.7195542179841052,19290388.683077935,0.6952153679457088
2042-01-01,,,14191545.721196456,0.7968655535654848,16806903.279633313,0.7784837291615911,21593783.08311602,0.7520244861334134
2042-02-01,,,14826380.596603591,0.8262373139593906,17573225.26594847,0.8070858865287466,22605985.341507144,0.7795227523923827
2042-03-01,,,10671760.659180034,0.8076071230608192,12659330.552711848,0.7887975474200722,16304730.97450231,0.7617302375494397
2042-04-01,,,9242282.101771172,0.8338928794496303,10972667.408601228,0.8143781982773383,14149661.315920228,0.7863001959432295
2042-05-01,,,7517897.371388288,0.8501410536952151,8932802.245450502,0.8301514379770458,11533270.57283907,0.8013941557428887
2042-06-01,,,5090077.604058738,0.86947135608119,6053047.226362549,0.8489303828318412,7824737.109305911,0.8193840857028009
2042-07-01,,,6468840.030369428,0.8425861221843893,7699001.457091016,0.8225864703085458,9964626.541588418,0.7938228776246508
2042-08-01,,,5647787.095731852,0.8638767315419599,6727359.538270999,0.8432755316516913,8717705.53756605,0.8136509749316536
2042-09-01,,,6470925.011094531,0.8498290234938459,7714202.246051045,0.8294682062937757,10008742.3444373,0.800193455917512
2042-10-01,,,10896060.04543779,0.8019470906778452,13000273.027569508,0.7826441862642118,16887753.98840812,0.7548944213970253
2042-11-01,,,11237599.209719995,0.8191643252561245,13418836.336585438,0.7993558177526833,17452803.875727687,0.7708832225298529
2042-12-01,,,12767247.279122492,0.7359529523572523,15257975.698413154,0.7180746974156729,19869100.343570273,0.692380262047079
2043-01-01,,,14262503.449802438,0.7963163011290667,17059006.82882781,0.7768830399283165,22241596.5756095,0.7489577112103407
2043-02-01,,,14900512.499586606,0.8256678165633475,17836823.644937694,0.8054263866053692,23284164.90175236,0.7763438388422491
2043-03-01,,,10725119.462475933,0.8070504668243622,12849220.511002524,0.7871756512980447,16793872.90373738,0.7586238823259897
2043-04-01,,,9288493.512280026,0.8333181053315871,11137257.419730244,0.8127037041742952,14574151.155397836,0.7830936438064444
2043-05-01,,,7555486.858245228,0.8495550802609865,9066794.27913226,0.8284445115263305,11879268.690024242,0.7981260500553122
2043-06-01,,,5115527.992079031,0.8688720589242394,6143842.934757985,0.8471848438145233,8059479.222585089,0.8160426166246882
2043-07-01,,,6501184.230521274,0.842005356108567,7814486.478947381,0.8208950986624381,10263565.337836072,0.7905856478012204
2043-08-01,,,5676026.031210511,0.8632812905702157,6828269.931345062,0.841541619928639,8979236.703693032,0.8103328856246365
2043-09-01,,,6503279.636150003,0.8492432651314666,7829915.279741811,0.8277626846785867,10309004.61477042,0.7969302467142685
2043-10-01,,,10950540.345664978,0.8013943357100058,13195277.122983051,0.7810349424540846,17394386.608060364,0.7518159428051762
2043-11-01,,,11293787.205768595,0.8185997030316341,13620118.881634219,0.7977122121086578,17976387.991999518,0.7677395412015663
2043-12-01,,,12831083.515518103,0.735445684913751,15486845.33388935,0.7165982189822983,20465173.35387738,0.6895567177821922
2044-01-01,,,14333815.967051448,0.7957674272737497,17314891.931260224,0.7752856419725932,22908844.472877786,0.7459034426731663
2044-02-01,,,14975015.062084539,0.8250987117025711,18104375.99961176,0.803770298883892,23982689.848804932,0.773177888982179
2044-03-01,,,10778745.059788313,0.8064941942721954,13041958.81866756,0.7855570900583826,17297689.0908495,0.7555301948979066
2044-04-01,,,9334935.979841424,0.8327437273858761,11304316.281026198,0.8110326531036259,15011375.69005977,0.7799001680705794
2044-05-01,,,7593264.292536453,0.8489695107183991,9202796.193319242,0.8267410947941739,12235646.750724971,0.7948712717855969
2044-06-01,,,5141105.632039425,0.8682731748425211,6236000.578779355,0.8454428939094846,8301263.599262641,0.8127147741422037
2044-07-01,,,6533690.15167388,0.8414249903351305,7931703.77613159,0.8192072047516792,10571472.297971154,0.7873616194830948
2044-08-01,,,5704406.161366562,0.8626862600157656,6930693.980315238,0.8398112734102566,9248613.804803824,0.8070283275699485
2044-09-01,,,6535796.034330754,0.8486579105124868,7947364.008937935,0.8260606698933857,10618274.753213532,0.7936803449608995
2044-10-01,,,11005293.047393303,0.8008419617374442,13393206.279827796,0.7794290075111103,17916218.206302173,0.748750018327084
2044-11-01,,,11350256.141797436,0.8180354699821196,13824420.664858729,0.7960719859853077,18515679.631759502,0.7646086798854486
2044-12-01,,,12895238.933095692,0.7349387671125175,15719148.01389769,0.7151247764288567,21079128.554493703,0.6867446880024122
2045-01-01,,,14405485.046886703,0.795218931738591,17574615.310229126,0.7736915285270181,23596109.80706412,0.742861629520532
2045-02-01,,,15049890.13739496,0.8245299991064995,18375941.639605936,0.8021176163482724,24702170.544269077,0.770024849945915
2045-03-01,,,10832638.785087254,0.8059383051398578,13237588.200947573,0.7839418568440251,17816619.763574988,0.7524491236056
2045-04-01,,,9381610.65974063,0.8321697453394289,11473881.025241591,0.8093650379858954,15461716.960761564,0.7767197154097402
2045-05-01,,,7631230.613999136,0.8483843447890643,9340838.13621903,0.8250411805640231,12602716.15324672,0.7916297665841949
2045-06-01,,,5166811.160199623,0.8676747035513164,6329540.587461045,0.8437045257369259,8550301.50724052,0.809400502685745
2045-07-01,,,6566358.602432248,0.8408450245881649,8050679.3327735625,0.8175227814254794,10888616.46691029,0.7841507388342001
2045-08-01,,,5732928.192173394,0.8620916395957234,7034654.390019966,0.838084484765903,9526072.21894794,0.8037372455867987
2045-09-01,,,6568475.014502406,0.8480729593586203,8066574.469072005,0.8243621547275596,10936822.995809937,0.7904436963892859
2045-10-01,,,11060319.512630269,0.800289968497553,13594104.37402521,0.7778263746317201,18453704.75249124,0.7456965967667538
2045-11-01,,,11407007.422506422,0.8174716258393356,14031786.97483161,0.7944351324337883,19071150.02071229,0.7614905863011651
2045-12-01,,,12959715.12776117,0.7344321987125549,15954935.234106155,0.7136543635130848,21711502.411128514,0.683944125751377
