date,price_hist_eur_mwh,price_low_p10,price_low_p50,price_low_p90,price_base_p10,price_base_p50,price_base_p90,price_high_p10,price_high_p50,price_high_p90
2015-01-01,24.75444507978744,,,,,,,,,
2015-02-01,31.908996693425543,,,,,,,,,
2015-03-01,25.87484451608309,,,,,,,,,
2015-04-01,25.95028883506745,,,,,,,,,
2015-05-01,23.098153966193067,,,,,,,,,
2015-06-01,28.117177490256605,,,,,,,,,
2015-07-01,29.53105313265412,,,,,,,,,
2015-08-01,29.690828553848664,,,,,,,,,
2015-09-01,28.04404270063373,,,,,,,,,
2015-10-01,36.65409792799306,,,,,,,,,
2015-11-01,27.087840750399568,,,,,,,,,
2015-12-01,23.880916257840425,,,,,,,,,
2016-01-01,24.48855919604413,,,,,,,,,
2016-02-01,18.640334943393363,,,,,,,,,
2016-03-01,21.513577222863557,,,,,,,,,
2016-04-01,23.232225587385024,,,,,,,,,
2016-05-01,18.93668612961988,,,,,,,,,
2016-06-01,26.586290601825823,,,,,,,,,
2016-07-01,24.01590245576873,,,,,,,,,
2016-08-01,25.516960746687108,,,,,,,,,
2016-09-01,27.80072091635141,,,,,,,,,
2016-10-01,33.907260077109,,,,,,,,,
2016-11-01,33.13172439895945,,,,,,,,,
2016-12-01,24.923091563366903,,,,,,,,,
2017-01-01,41.68900847785818,,,,,,,,,
2017-02-01,32.99445976739315,,,,,,,,,
2017-03-01,29.04551282613855,,,,,,,,,
2017-04-01,24.783529834417397,,,,,,,,,
2017-05-01,26.5098447913138,,,,,,,,,
2017-06-01,25.710404044692737,,,,,,,,,
2017-07-01,29.58856945437381,,,,,,,,,
2017-08-01,27.30413606810357,,,,,,,,,
2017-09-01,28.30407949463576,,,,,,,,,
2017-10-01,20.195681880630627,,,,,,,,,
2017-11-01,31.41137637843338,,,,,,,,,
2017-12-01,22.67048302152572,,,,,,,,,
2018-01-01,22.57490517519314,,,,,,,,,
2018-02-01,36.11599067411584,,,,,,,,,
2018-03-01,30.447212206807663,,,,,,,,,
2018-04-01,29.4611085254871,,,,,,,,,
2018-05-01,28.33275733913758,,,,,,,,,
2018-06-01,37.810042362424966,,,,,,,,,
2018-07-01,47.09465741665316,,,,,,,,,
2018-08-01,52.6157636997553,,,,,,,,,
2018-09-01,48.393353110966665,,,,,,,,,
2018-10-01,43.82701303175583,,,,,,,,,
2018-11-01,52.21103189269064,,,,,,,,,
2018-12-01,39.92149971612446,,,,,,,,,
2019-01-01,39.08921854109886,,,,,,,,,
2019-02-01,38.443598733939815,,,,,,,,,
2019-03-01,24.707839510740687,,,,,,,,,
2019-04-01,34.07098463839104,,,,,,,,,
2019-05-01,35.91886379608788,,,,,,,,,
2019-06-01,24.31679046368917,,,,,,,,,
2019-07-01,36.552468348137324,,,,,,,,,
2019-08-01,30.70372007211256,,,,,,,,,
2019-09-01,30.893156016402543,,,,,,,,,
2019-10-01,32.41795380409212,,,,,,,,,
2019-11-01,37.09034810945486,,,,,,,,,
2019-12-01,26.52843296917381,,,,,,,,,
2020-01-01,31.15364688329852,,,,,,,,,
2020-02-01,17.56525062735163,,,,,,,,,
2020-03-01,18.37828697101015,,,,,,,,,
2020-04-01,11.21648798629588,,,,,,,,,
2020-05-01,13.054323900395923,,,,,,,,,
2020-06-01,22.2303666720248,,,,,,,,,
2020-07-01,21.781228919400714,,,,,,,,,
2020-08-01,30.12095607315696,,,,,,,,,
2020-09-01,38.06809029726469,,,,,,,,,
2020-10-01,30.13626273951589,,,,,,,,,
2020-11-01,32.17629850139585,,,,,,,,,
2020-12-01,33.82754291605212,,,,,,,,,
2021-01-01,46.67237808231476,,,,,,,,,
2021-02-01,43.99724796778153,,,,,,,,,
2021-03-01,35.066354560122726,,,,,,,,,
2021-04-01,45.03283291810275,,,,,,,,,
2021-05-01,43.2099765450448,,,,,,,,,
2021-06-01,64.08109620107905,,,,,,,,,
2021-07-01,69.55297318883106,,,,,,,,,
2021-08-01,73.61794914743793,,,,,,,,,
2021-09-01,118.51020674307271,,,,,,,,,
2021-10-01,112.07803186976236,,,,,,,,,
2021-11-01,142.52552734924203,,,,,,,,,
2021-12-01,165.70965356484825,,,,,,,,,
2022-01-01,132.332932735765,,,,,,,,,
2022-02-01,110.7309711073684,,,,,,,,,
2022-03-01,206.1247451451416,,,,,,,,,
2022-04-01,131.16367093887155,,,,,,,,,
2022-05-01,140.44577765935426,,,,,,,,,
2022-06-01,198.5235974559632,,,,,,,,,
2022-07-01,283.10446706640045,,,,,,,,,
2022-08-01,461.6979368378837,,,,,,,,,
2022-09-01,288.664049865553,,,,,,,,,
2022-10-01,129.27028628850724,,,,,,,,,
2022-11-01,138.85876317216963,,,,,,,,,
2022-12-01,153.3294663970532,,,,,,,,,
2023-01-01,89.87857827439915,,,,,,,,,
2023-02-01,107.47797090726128,,,,,,,,,
2023-03-01,87.24408606678931,,,,,,,,,
2023-04-01,91.23049409410272,,,,,,,,,
2023-05-01,82.52411117857231,,,,,,,,,
2023-06-01,93.14519738753089,,,,,,,,,
2023-07-01,62.12287927997126,,,,,,,,,
2023-08-01,69.2293549846042,,,,,,,,,
2023-09-01,88.46125851481806,,,,,,,,,
2023-10-01,70.71488649993339,,,,,,,,,
2023-11-01,77.35268598961122,,,,,,,,,
2023-12-01,46.49992766560022,,,,,,,,,
2024-01-01,65.66342628244229,,,,,,,,,
2024-02-01,54.08861635070765,,,,,,,,,
2024-03-01,56.122486429471614,,,,,,,,,
2024-04-01,50.60396006251923,,,,,,,,,
2024-05-01,60.06262624532431,,,,,,,,,
2024-06-01,59.86891685541695,,,,,,,,,
2024-07-01,53.90338257560721,,,,,,,,,
2024-08-01,66.96080337876424,,,,,,,,,
2024-09-01,65.25998954459904,,,,,,,,,
2024-10-01,69.77202217642042,,,,,,,,,
2024-11-01,91.0836602418994,,,,,,,,,
2024-12-01,73.53780163023332,,,,,,,,,
2025-01-01,87.02989625428845,,,,,,,,,
2025-02-01,116.18345749101522,,,,,,,,,
2025-03-01,80.15638902297033,,,,,,,,,
2025-04-01,77.5922316952408,,,,,,,,,
2025-05-01,65.52935721298434,,,,,,,,,
2025-06-01,56.93965257472982,,,,,,,,,
2025-07-01,82.99608221490976,,,,,,,,,
2025-08-01,70.6828803499261,,,,,,,,,
2025-09-01,66.24162889681395,,,,,,,,,
2025-10-01,59.0294924146687,,,,,,,,,
2025-11-01,89.51923844056333,,,,,,,,,
2025-12-01,83.72602012726502,,,,,,,,,
2026-01-01,,39.15975543208538,79.8532390363519,180.19716686550274,40.54653999309359,83.12550312853125,180.93453499213757,38.43704338216796,77.15485051006121,176.28387290631755
2026-02-01,,26.903155575546833,73.48078575857383,225.51141913853687,26.395380357371852,79.19881525571023,251.47355116205028,27.7557604115869,73.42451428907239,223.4317909880371
2026-03-01,,19.954485390867422,70.30868652444406,316.93125500005027,17.793464104727377,85.67453560276115,334.51497301073147,21.101017003626342,74.42382850921655,298.6914230330222
2026-04-01,,15.209596551564085,73.14866272904757,382.1593362829455,14.917806013538387,82.63278048902401,363.93819115628077,15.554439537748637,81.94664151166626,435.32823224946077
2026-05-01,,14.311249119867064,74.54829375257606,383.20009983960983,15.855399884711877,82.53083953792574,396.99005915263473,14.75301437423911,81.15092429302801,516.1862214619958
2026-06-01,,13.233285950319019,80.40785222798864,418.2015607063128,13.556768965223924,84.63150044991652,489.87641725951624,14.709597447029184,76.77316176426791,532.8787142852933
2026-07-01,,11.855361183554416,83.18990367130206,522.8411250493135,11.72181148799256,81.57726015553118,442.0645539114002,12.908345339571069,82.03783383610707,563.0977327106592
2026-08-01,,12.809552891000328,83.37983433415233,571.0855884469029,10.052812031637817,82.12579640173813,530.6628607469084,10.352635752473457,89.8543301676142,597.4493433586683
2026-09-01,,11.282269219000494,92.15886182965272,587.2292088521094,8.061182187813715,84.16470486764652,706.7544272847985,8.354659079226778,90.20493231892586,716.1221269110182
2026-10-01,,9.553533986259014,96.31168392261534,597.4582102663092,8.871615881524955,94.18998224497288,662.1563270005755,9.287945027611283,82.59535458632593,744.7471110761293
2026-11-01,,9.934618736770627,85.16832248367128,608.3428427842995,9.04049680170093,95.35532359642394,663.1920797211258,10.286610192543444,80.82721340776473,623.7527716533493
2026-12-01,,9.772817800684187,73.23155376677556,612.1835887189742,10.312295759485202,84.26599424543468,714.3778890778157,9.315708044607518,90.61368561273324,684.637296729445
2027-01-01,,10.538260185618096,77.79839947244707,532.6968833990779,10.88747549385614,76.98059736810026,662.74572967356,10.86131337863207,89.36231013639896,645.900762507102
2027-02-01,,11.223763830622183,67.40382075644119,542.9532561862835,10.244628145493648,76.91751108992379,622.5638730455232,8.629873454863043,83.31175997343817,595.0997341254302
2027-03-01,,9.487713679100828,70.95740439375273,585.1073174873158,8.082334673078783,69.29709928564539,715.1862739192346,10.45941361940808,88.69160521607606,702.5533442275763
2027-04-01,,8.690030877944789,73.40164314662434,569.0049125382402,7.933280335924086,67.66456165535712,653.5850849249504,10.067655896161215,94.73137131027673,684.1148414277764
2027-05-01,,9.057468467135097,76.36183395304452,628.3951873670117,7.216557991651541,71.54792042758923,614.0892691642715,9.775002929409592,95.13669006676125,707.3665854056394
2027-06-01,,8.430702998195251,77.41863974965946,606.4978807071362,8.517448549155027,75.33362080016394,654.6347321531974,8.450981365714176,91.77713597741408,680.9619929469702
2027-07-01,,8.717628173455438,84.78641300467422,743.0173377060245,8.179114698351002,82.42023204039273,622.0549472195298,8.592755262487747,89.44067841085896,653.9214098774816
2027-08-01,,8.025824015692903,92.801727542435,838.3867098793378,7.56626004825218,87.76240691481209,621.1858564664825,9.21374431813106,88.59695384062357,725.4010466397032
2027-09-01,,7.532367657339578,83.34166638022677,993.7926455088473,8.05222759139957,89.69336467594525,704.4812256946925,9.21826213905322,91.71684652210271,927.341930601136
2027-10-01,,7.735092661340567,86.94527984233898,878.6451418712176,9.374720184819662,85.6836380765432,599.5820583993924,9.841654481939596,91.2907642885742,765.3645335505
2027-11-01,,9.599921440594926,81.44852820137538,812.1592900842242,9.451680113500739,87.23838361379649,548.8622872983909,9.49049548993563,85.41649621015597,802.1789278709124
2027-12-01,,8.102607063903903,76.86015240627887,670.5859393528242,10.54150896910115,86.99451429250311,574.4492031451387,10.078678194057519,90.60409778450335,590.8302502025192
2028-01-01,,8.849645874643091,76.32514085623183,607.0922075410645,10.871950981870743,81.44309870287212,536.1535390121642,10.93001983925973,99.33746147232016,614.8538279704701
2028-02-01,,9.32698683968018,80.09436190387925,609.0648550444809,11.577164986049286,84.99995463820363,588.5127869154474,10.52961484627259,90.05780597784191,593.021114623065
2028-03-01,,8.640343185271565,72.94430596222801,599.6575006186847,11.72916115884118,90.68979828493596,581.5146246603576,11.191365794775592,98.29117672468305,650.9065798641252
2028-04-01,,9.606203527988106,76.30409875664026,597.1981018423584,8.763276102047659,82.66518408062794,666.136664973842,12.45614512602169,89.78413876543055,701.8474897143808
2028-05-01,,8.225227427725228,71.98148096346455,608.3972010380562,9.62340033073151,86.23904853464309,634.5117157097342,12.880486363152894,94.04089599534801,653.3022451199611
2028-06-01,,9.085769524820288,73.83055325480484,548.2833947468256,9.853392704632007,86.52889678406247,722.5748785076707,12.457441392553331,96.90551994221174,769.4306136029005
2028-07-01,,9.624026428450689,69.6633497619436,576.0264801521965,9.157362831456375,97.85311398973977,826.8220466187236,11.736185169420331,97.24265024885315,773.3003958966245
2028-08-01,,11.158434550119344,65.28483144864938,742.7183916245201,9.212094730888488,89.33607059209399,1006.298604400096,9.304692085021257,95.18234235017235,849.5104055342586
2028-09-01,,10.556119596483727,77.87628420996194,796.8578893413272,8.963187633735128,79.27850728742223,909.5197596745838,10.628227737527991,98.0520805610733,1041.5484790051762
2028-10-01,,10.275532568187373,81.69536574086968,723.6293972243175,10.045194062302373,85.50377081282981,786.7268027931942,12.198979107102174,103.45058643795133,867.5938338887024
2028-11-01,,11.815174678792117,79.18265763566622,657.9789005911048,8.872619854484672,98.08342956504438,715.9021731436521,11.770102661827025,96.53252875300711,879.9073883513057
2028-12-01,,9.790725844028868,80.34023614395184,558.4543740431479,8.66128390541588,101.69429126004798,743.0387754299715,8.89180561486288,102.53313848655367,890.9751030400374
2029-01-01,,10.79189810904965,72.6345967249668,616.2466475970638,8.767616115410089,97.46931022725298,759.160910879602,8.517176634235996,93.29553638581817,796.7853764834047
2029-02-01,,10.844113340014555,76.7920505785226,511.4873299790694,10.671431916186457,93.40859059902058,715.1905571144382,9.894390115861977,86.59794937099454,857.1214684281091
2029-03-01,,9.563949084469655,79.51936800401225,585.1759491087927,9.702549696739306,89.56527303521331,804.2701292886051,10.94917276120472,93.484071610825,811.6157571332902
2029-04-01,,7.630085516443653,80.96550763377874,576.5528540808947,9.081424457934476,91.13260982990938,736.5406201351651,9.13063231558208,103.82943725227877,755.1501132035693
2029-05-01,,9.480091290961372,76.5976314932565,587.592931500322,7.666820615627888,87.69596977766932,807.6718360797903,8.665502122830594,109.07745837842907,798.4141215791653
2029-06-01,,8.020031693784594,79.47730548790071,637.726028048138,8.272361440162388,84.83260619038914,752.3276591128763,9.897052264262197,95.73488256496896,910.10913423132
2029-07-01,,7.217679768760796,76.86510673828175,640.4115928567977,8.984192415338407,95.89992974164319,759.6814274852076,11.1440979707446,97.38853355530128,903.0169977101674
2029-08-01,,7.6901422809761,71.13471397435514,615.8818134378981,8.982364685654932,89.2777631936716,887.7376758964656,9.166903696861258,103.58251010207752,1017.2219446021777
2029-09-01,,7.63733797016832,73.47406569862662,756.6932183436766,9.085613002992693,93.94687267224332,859.6673316571005,9.622079854486882,104.33146507569724,1079.4016526310434
2029-10-01,,8.772473472937621,81.19333969241231,663.4977730349337,8.457534489391247,97.37855123134312,809.6452473785396,11.760646936018302,108.26497686817206,1154.1404227525409
2029-11-01,,9.392134089196597,78.5806031439071,620.2715830116065,10.089816701015188,89.35202297442407,693.4350814071151,12.688025490936802,112.82802989835285,962.8607253548919
2029-12-01,,8.874713073413965,81.31016670660193,622.0734518382858,10.21987924933071,91.12458794943515,714.2035350151125,12.587261707937024,115.05212944412924,895.3607023121589
2030-01-01,,9.002479242841822,74.17751437002264,575.5039204033187,9.268010257402395,88.4304332993411,601.8703461984493,12.730557435810592,107.6529317190861,979.7960797677702
2030-02-01,,9.803174451994943,75.81330954450506,589.6210286469686,9.794420604958958,86.98313653879308,606.5841080616931,12.741199021065832,101.74516887660025,927.7874221157491
2030-03-01,,8.093737021665882,67.8652143842545,701.6855283928916,11.129610363342723,85.70963542479994,683.959072845273,13.05353269395317,96.20979145092784,1018.2149310494113
2030-04-01,,7.3865985211015195,74.26589695440782,807.3652180487604,11.051124121643717,85.59474431326683,821.91043913747,11.01630464882687,92.75759509542247,1000.6716649405805
2030-05-01,,7.796978218630544,79.98022786928283,770.963540375057,10.588681778530274,83.37479925299067,800.4506083539706,12.370966731290114,95.69943109299211,871.8063355392486
2030-06-01,,8.204128180091974,78.07160181669133,755.790749117153,11.615923805364227,85.66265700347958,834.1130192550371,12.25230959333543,100.83081420811234,991.2555584495049
2030-07-01,,7.54547573555901,69.1493162602802,687.157278271012,10.014656547860527,78.81630580376662,712.9655298901624,9.526795064889376,89.95170290964478,921.5268490977675
2030-08-01,,5.7431056467513875,64.7721879886798,775.8152512750474,10.645648149725812,90.3807577266738,978.5249307180518,9.979437666559637,89.15828546268142,1136.6940874093157
2030-09-01,,6.254810898288781,71.86920826344709,890.5807747423108,9.170850168202822,89.03772459065235,935.5384162249719,8.785327546113052,90.88947832595625,1054.299550005224
2030-10-01,,6.74775312067173,70.1984689963956,771.5155174872557,11.739194768751394,92.00407901270313,886.9217251408195,9.4153412915837,100.4465705378045,831.9908071522913
2030-11-01,,7.6920397879401445,76.23993210569716,670.6738753793377,11.796181852013573,92.53794805413867,754.2458906505391,11.17639519293682,92.48604708709206,901.3315257256618
2030-12-01,,6.7248443364572505,74.03288086800953,663.9930205464074,8.511784063965303,93.46741711497833,760.0980661011295,11.379425146247629,81.52156241916848,908.2116024270606
2031-01-01,,7.519770746697454,80.18006255402145,574.2490144061493,9.585418174008849,94.4256725491154,653.660092117628,12.468426287421227,90.5516896845472,876.9761233779527
2031-02-01,,8.337242786583369,82.2476816893611,652.1345449218372,10.39462844218169,97.14270205796018,625.0274716847088,12.248982034654459,86.08231392057813,780.7423357500772
2031-03-01,,9.015752008089098,76.73739405275464,735.2265045250497,8.553231045100365,82.13259263111277,967.5088120825859,13.019897666891637,81.5267141702569,690.3625396782343
2031-04-01,,8.630058954088042,74.38113992008246,691.4197627719556,9.86033035400869,82.32074507386923,908.8644961112525,11.95021002211462,91.80671167255322,711.7632038168375
2031-05-01,,8.908734489512883,78.16565023790825,790.9456676606798,10.298052903963441,90.9505095707998,919.2171686628303,12.439810141516137,90.9480544307632,732.6547465608036
2031-06-01,,9.751664994190959,80.3220738238295,595.0435880077039,10.764254314367925,91.17352779712908,816.9180358601728,14.563124814228678,103.70201724731096,749.7427868762176
2031-07-01,,9.799559591880188,94.60761989839602,690.5711398456074,10.087488395164184,97.89897429558732,857.2584595077667,11.893831075040316,104.72806201932431,729.849009533929
2031-08-01,,9.221480820556748,93.29789539812242,827.8162844555535,11.3735255331562,100.34716958498109,1063.779269370408,10.39486650802866,107.35047513508931,968.8722034669773
2031-09-01,,8.760003740329157,95.89504688266035,891.1775752619246,10.232726027240773,106.1031734187355,1010.3259758257828,10.932506327819226,122.30605892184242,1032.697848812565
2031-10-01,,9.274107991190299,96.91486946689203,839.3468083183336,10.78923843907306,108.29875627112389,968.6807356815661,11.686488150537677,120.32817139401469,790.6304791457031
2031-11-01,,9.49620785175423,96.24140547112441,786.5381655415771,12.40465906420598,97.9624295606269,860.4777225119254,12.931303676995105,119.974606189235,903.089929291742
2031-12-01,,10.883436475448981,94.04255476514042,721.2218564150271,9.675501061880935,105.7238528168398,917.9985242930225,11.63798036546063,117.4421323294178,894.5311522830765
2032-01-01,,11.62010622481133,99.2257911354314,665.2916193263288,10.134357813532157,100.09644476831869,880.756900922366,13.56600825625089,110.74334658095876,984.4127924939603
2032-02-01,,11.642704316244453,90.67909547560129,651.3485258539926,9.352992352699472,95.75713373006461,907.9715206841506,14.97733878428265,112.04185076613666,754.8059232078781
2032-03-01,,11.885561957778439,94.99586449628396,676.2680653559647,8.690171670007514,87.68463415155635,912.38998536613,12.668735216103766,113.81261016074268,863.2394155078986
2032-04-01,,9.516774794023219,85.356932140331,702.9642692672613,11.059192584743835,87.55866005463126,895.6071219973949,13.280495317959565,104.49050533435693,982.498433925251
2032-05-01,,11.412701842672778,97.31724052908844,709.1016205351483,10.636239048182315,94.19337885478193,849.6095505695449,13.554791018976221,99.19445055728896,985.356192845746
2032-06-01,,11.818294085984892,99.90339251057088,760.8885154115496,11.46824572193789,90.59250463982258,916.8042908227739,15.052856144650649,116.61664175367298,900.6208052358845
2032-07-01,,10.519537844366837,100.84412042942697,685.3591738436579,12.658431144980824,103.51354537196357,981.3124135924637,14.41983742502709,105.93901464443772,1118.63472792994
2032-08-01,,7.027007679455811,95.72011966970499,874.1049014773007,11.728229071388304,99.59419203969593,1178.2435248443028,13.845148651299837,113.69668073884797,1375.333723543519
2032-09-01,,7.25156982174863,100.25558101536731,880.6101131545912,13.041141376316661,100.08371812811461,1083.3305039893335,13.392167314098101,117.10997293148367,1327.3850086814332
2032-10-01,,7.415565843764558,88.76097638477414,875.1403242392362,13.272163992951274,107.545008802149,1036.640434124528,15.855791989230063,117.4804229800796,1171.993721311699
2032-11-01,,9.26004268497568,89.99769256529285,726.2547471719905,13.197144612988986,111.7153994268186,993.0745532553606,16.18237626463364,115.09749227916089,1232.7443084680076
2032-12-01,,10.474282557234838,81.14196834672836,858.3004280511021,13.415728943316896,98.95103874262742,1135.6073207359968,14.392302699022208,112.46451020045548,1164.8165339435625
2033-01-01,,9.850803023766161,74.38047525105553,683.8190057846533,14.06748071973364,99.75428541897035,904.405659709921,15.425241273704687,116.81618285601172,1185.0267310251124
2033-02-01,,9.908224357279913,77.0432728704311,753.413527546276,11.842086241112053,115.44062480177642,867.3554759562693,14.821110171741257,113.67196330202387,1128.697014512591
2033-03-01,,8.12368069585011,77.28300562407549,792.7929102753303,11.214980362285273,100.45899360832311,822.6159096188449,13.219232259101984,105.17916483117213,1133.4192746100875
2033-04-01,,8.005230684228316,76.55662053342903,717.7025936271779,12.204160510788608,98.61757588475547,825.2951367914715,11.623345187374046,117.54128395265198,1191.640872076871
2033-05-01,,8.134486246072587,75.56203529214002,715.685820877019,14.230764941654668,104.19078512285846,937.6350859410079,11.95499749854003,102.55063148045258,1264.6050405680678
2033-06-01,,7.81141581865612,80.6934914311658,640.5160532864479,14.297775118817658,105.28848382240434,996.7693591109706,13.713330075893671,100.02623203490312,1322.2073437046286
2033-07-01,,8.791710572094454,76.11702480265177,777.2538855673184,13.058213781121818,125.80010330932001,1058.9373955497545,13.894418397770387,105.06934363195714,1385.5417998646212
2033-08-01,,7.371471639274077,76.26803485354213,892.9446738929161,9.38325267406605,114.30421996671012,1087.8443708756254,12.93536948091863,113.31996371301729,1544.8914815952087
2033-09-01,,7.596349240475917,78.53368451867038,825.941717093659,10.01369708832373,126.29015849780683,1148.3540933612185,14.244578274025248,129.7246810721465,1282.1282428792033
2033-10-01,,7.929432461343172,86.1923347687997,732.3962507567375,12.168875985842199,126.7447492309492,1086.5117264301257,14.31001089246396,112.85044200973277,1278.3930575222653
2033-11-01,,7.65713476629143,82.58238951638633,704.4602739689245,14.065987468244911,120.12435473715846,977.7788411035137,14.657022370334087,116.91829484109898,1044.3889149926044
2033-12-01,,10.04543992793389,74.90076800905436,793.9831996159468,13.840075440818431,112.20253807385643,1051.4455967337335,14.9950514208032,134.19738137699193,1079.975043728369
2034-01-01,,9.051865572261875,77.21426390278509,740.5782137497024,14.448219308803132,112.55272932162225,900.5330362461183,16.848718157443116,131.08764462545696,1097.0499072222046
2034-02-01,,8.817545146899676,94.0440473287583,681.9646574257847,16.419697754495512,104.95083402618393,825.0825938371835,15.745638538320923,119.05900506914784,1090.3930008538482
2034-03-01,,8.411771994835409,81.52344768516578,665.2509646074005,14.67445957249532,106.04434133931858,902.4609089977434,15.223754097587065,115.21054608533396,1128.4061094566437
2034-04-01,,8.28062078540112,81.42816360404913,775.9342987446009,15.278446634307905,111.70724948466659,967.3756464381655,15.456189902937899,130.35254757068643,1236.912700919434
2034-05-01,,7.390722766729656,80.30769923486872,731.7554689696335,15.80631381451221,122.0663419591223,858.1855972257991,15.898343568038882,119.0721022022434,1001.8850530525239
2034-06-01,,7.652870352194885,74.56055266066113,619.2904464133212,15.320154805970198,121.79584358841302,895.697358136204,15.21831255837242,126.05250178695614,1092.8424289195425
2034-07-01,,7.5812139186542815,75.28060839007682,889.7870454848508,16.389542768488372,135.8136786262182,977.3594027250538,17.4760781990538,134.81130552531027,1187.8120300119933
2034-08-01,,7.266538623184498,72.88123071392289,881.6588886940149,16.26404697612634,143.15753413960562,1135.1619049686105,12.593308400512502,145.00133328410772,1210.1789265818502
2034-09-01,,7.153047515554956,83.48867838923589,865.368173563677,15.713475820833352,141.69805801541233,1250.0142484609155,13.818557055645455,137.57799003115633,1402.7074538105967
2034-10-01,,8.84077365193043,82.07597878228295,820.3459100243452,18.382931095235133,133.86207579681297,1061.6163891627893,14.775095115160441,159.52203116870425,1316.1953382593417
2034-11-01,,9.350385471683946,76.20737820514839,715.8983791405285,17.346343750231537,140.45010923654849,1017.7358645285631,16.598870836278184,172.45290600136974,1278.2546988320523
2034-12-01,,9.369667455317732,78.01084471121172,789.6659159361418,17.0829228292741,144.536908569559,929.5511350155358,15.82384161359426,161.80992985667558,1252.6187274081167
2035-01-01,,9.239756495424219,79.85442438404246,723.544666481825,16.127910950111975,135.65583124630137,861.4407321054927,15.945205118366903,152.8690665018018,1257.539767191219
2035-02-01,,12.516010742839816,82.36979997395422,612.4032579921452,16.474305978662557,124.01392726422118,949.3729689444888,16.274786422056135,154.3525570856977,1203.721628636835
2035-03-01,,12.483881871473734,83.82070130322415,787.4800768546108,17.240815099555423,120.18161273140197,898.2514288879217,16.63363971175885,145.39131427555998,1363.8009341371542
2035-04-01,,11.644463505401191,80.28244074388283,761.4230274920815,17.021090191868577,120.65151577421787,928.9281734989254,15.97155547562943,132.4323012848536,1505.4194941569942
2035-05-01,,11.33309488658649,78.54288736147278,785.4858070693456,17.721229463181686,112.2908714097945,998.5151673130807,14.349570039885098,131.97266800119002,1561.4531054258382
2035-06-01,,10.188092512566527,85.661726885159,713.2827649256787,15.547325169652934,135.46911457445458,1051.3661735041173,14.059515858055903,127.23287739346253,1573.024034688018
2035-07-01,,8.884214870823426,86.13640021519045,629.717172720171,17.136281438835603,133.2230149629213,1274.0555480023709,13.587941486022288,129.85539856484525,1499.541334276322
2035-08-01,,9.386229427597709,79.95660737457985,798.6257484824544,16.287684506622142,159.34006415368992,1505.1235992657928,14.437458709736248,143.24709441035503,1579.196256159069
2035-09-01,,8.907785185590754,87.07057895746726,851.2870779459042,15.887620565081608,145.4190663334728,1186.48743568076,14.21644864554345,139.64930728243445,1430.0083870816557
2035-10-01,,9.142807241023139,88.72899048071173,757.7672520060507,18.85028417989747,151.3221151687015,1153.9739310391335,14.912878294483765,135.8584689360655,1189.1336470755905
2035-11-01,,10.163368274673688,87.61138285672897,870.0838424634835,18.145014894384392,160.66660526340758,1141.5007447834546,15.676129636857603,134.5664863728687,1237.5921136353884
2035-12-01,,9.026292423753766,84.85663870312847,787.7888542920076,15.33210894793398,145.91333341523466,1310.3772826918823,12.79449473734308,126.16074324882318,1237.9243270291854
2036-01-01,,11.760706777353567,91.5854988496763,793.1730259867248,18.58855874965511,150.35739148439396,1096.5315829920037,15.9556040413752,134.28173626787242,1160.7490056904921
2036-02-01,,10.918813812019325,97.81962960725667,668.934528954342,16.897241923889098,158.58938339164962,1151.4567566725045,21.801867896415917,137.80547362415365,1109.7588876265982
2036-03-01,,10.112168352187336,81.79175268654083,636.0848787903574,15.96431274025062,146.200120646992,976.309841527629,15.857260219178727,133.24083217606216,1007.8993637910211
2036-04-01,,10.529994023690831,79.564796483517,703.4350476366521,15.563383874122339,148.58332029467394,1156.3887913734688,18.446852460726483,146.52187229892976,1044.5820144442464
2036-05-01,,10.465671602499103,88.01083745832278,675.6549971717736,15.985668446585931,139.09059883743052,1105.059513441687,20.38373553993816,133.96006335916616,1173.3423903158157
2036-06-01,,10.01355940745533,87.24291808184635,706.693525030339,13.23964539512948,130.39910998204687,1081.856931681217,18.591441425092658,145.5910810987191,1149.927939585266
2036-07-01,,8.00093192378641,86.9838618950671,899.3984864534439,11.942319466757947,138.56304468486314,1235.4669735075295,18.922391694067663,144.70673241507808,1418.3033038796639
2036-08-01,,7.168901538620801,96.80289615064868,903.7676212220765,11.88907699666816,134.91699535094045,1371.259717625244,17.925245348449252,157.65388599997237,2091.5636584580548
2036-09-01,,7.147387656072801,91.88320567622125,1003.2769692028502,12.234968438394143,127.67963674485206,1278.3833582690397,16.71263822488012,170.7172746652318,1863.574447819111
2036-10-01,,8.501676311533801,95.23173898204959,1094.5917566007813,12.204374296270537,135.2451008070058,1113.5582362262596,19.256323880428027,153.86955779893484,1320.9666298255706
2036-11-01,,8.576487024540686,103.33861313374851,913.6182228258214,14.302084020482662,137.56580414988196,1185.5057500771154,19.953410859168134,148.70736383323782,1289.4072644876362
2036-12-01,,9.188242855332957,96.18681696618125,925.7992211544915,13.719026190294242,136.48854845494844,1176.6748471093035,16.33667952568287,133.04705677906065,1314.1327289004219
2037-01-01,,10.333832028174347,99.02661907568589,985.3495183568393,13.482555855691087,129.54800971420127,1045.2076330302343,17.136389978500304,154.5081835962998,1250.3998545600414
2037-02-01,,12.30512048532522,87.32312598831058,848.3446762624083,13.663801504181334,129.93792180125305,1168.527983823037,19.097346372753535,144.77686794364956,1332.5484232855085
2037-03-01,,11.460768683980326,92.23204289898592,955.0590830181023,12.793776626718063,116.02237909392254,1379.02994478025,19.631828327732265,146.34248339425648,1497.5802279526858
2037-04-01,,11.644793815422908,96.32270133122131,819.3783768659192,11.703625031581183,113.3050172582129,1374.7439386910517,17.84901565443689,143.88985969102333,1296.015246134192
2037-05-01,,11.052838502647601,87.94753584096489,823.3440403617034,11.125818053902703,120.25384757197398,1202.2917898793328,20.503261125257644,143.53048300020913,1363.1838247943563
2037-06-01,,11.331128911476846,88.69980758958508,865.2440693130723,11.645769843480585,158.95542413014533,1123.2621653558988,20.142485961716876,156.4852945054626,1408.493307669459
2037-07-01,,10.84731332103999,90.12712721735954,781.1045469539447,13.151438325440232,141.8035340897411,1037.014208258083,19.912930826839958,161.8564973756109,1626.2907835148756
2037-08-01,,9.95345109477855,97.3562759943167,998.0720281885085,12.186305722368344,128.10968355554388,1452.5252412457191,16.71122932755462,151.99458273028586,1667.0049304218337
2037-09-01,,9.073386046707155,104.96296107520136,840.5686218441895,12.221311116813755,136.99967942357517,1609.2249619757818,15.677376799932016,160.50311170276848,1696.8757714931357
2037-10-01,,9.864212123054584,117.45318697874225,902.4506509618983,10.449987915826778,124.23332828412059,1345.3163879338365,18.736025134238094,162.85813182955988,1451.6291148680464
2037-11-01,,10.11739864059608,96.1957003200169,798.414880021211,14.153961454125715,128.768839394018,1235.6079520020678,17.44832836008017,153.2839098281505,1529.3515045110616
2037-12-01,,10.812428849815058,90.41367857868289,739.2441773506193,16.14311274658332,116.58499640455062,1285.4324298756765,16.08117547347053,169.86497343191007,1462.0062393836704
2038-01-01,,11.311790878214723,93.04794386907051,862.7728338495834,14.161288009925054,117.56797160108653,1023.4386342399431,16.986893982359362,162.1273706360695,1237.7954818882079
2038-02-01,,9.209795692720721,97.71174236557505,800.9691479576122,14.822633899940682,114.09040009594338,1221.3144269313614,18.130830449932457,169.43259065135618,1294.7477168504186
2038-03-01,,9.088006202549575,99.31176329159193,779.703816288998,15.945204590533319,118.01744482563936,1226.5112336865202,16.607262333563344,146.03005226301323,1464.334238562194
2038-04-01,,9.45898316474253,94.76963575057235,897.9720328087815,14.243876580873579,131.38630753787243,1095.078279514797,16.238298497543383,155.74444618845308,1645.410406543402
2038-05-01,,10.19353713277221,96.61410005158632,907.12339799226,12.725483879092833,131.76610108610714,1111.782217398694,18.40005803411856,169.76921205493883,1588.3167880028816
2038-06-01,,11.022980749266521,99.89449574455878,863.6262764699695,16.3182902021377,128.6531738885856,1108.9424522739994,18.234942236947205,164.6799864579702,1494.741090562943
2038-07-01,,10.414914404939406,114.96143524022986,1101.7930743528354,17.98326924936627,122.70789153651364,1175.966866044882,22.281447490174113,158.51736198802422,1479.9265784124218
2038-08-01,,8.60611857455761,111.10027231791257,1032.1564196755892,14.778489722100602,130.9677242989966,1115.3934376212999,18.09154026492922,181.2678344556957,1763.1617808174917
2038-09-01,,9.981409669529896,110.8681938806128,1087.9915549324617,16.30576998077943,128.39283767698583,1300.98175757866,17.883450267572446,192.3295097570205,1869.8123268069394
2038-10-01,,11.248770879100713,109.2713134372521,967.2511734867156,16.639999180631328,144.08967164867803,1219.0112085692874,18.54906829442465,192.60786896437955,1758.3674262683858
2038-11-01,,12.45660548830246,108.50936510426175,914.5580457104583,17.317390078055908,144.66964641374994,1234.7038215447724,17.768902672261184,184.78417533234244,1722.9465815587278
2038-12-01,,10.765692287818641,107.28702171834699,974.2958096623083,16.599129735453225,144.53220158952865,1102.4629882859883,19.24192759600888,193.71117755919096,1791.7605537225363
2039-01-01,,11.104601704850445,103.84752196943921,824.0410064795286,15.476775284454394,149.3833930857279,1092.700997976791,23.669768194762767,181.70813734752414,1509.6409015101735
2039-02-01,,11.519935764437667,94.49254382680441,845.3103689153903,14.89300193646319,141.64028323604538,937.955292175608,21.358835972075752,182.0797032639731,1551.3264517012321
2039-03-01,,9.937723417895695,95.67925661229805,836.0072236861832,19.061817130553266,139.2683432803033,938.0637352333008,22.692983581741476,181.8752776013845,1739.2825823027192
2039-04-01,,11.116390848199174,95.00002345188898,779.7008110498283,16.759294115221916,120.70873393108056,1060.8911569419952,20.41490611992749,146.72184562305733,1875.154799572177
2039-05-01,,9.717387117408286,91.82430682511566,828.8607063993873,15.318573114747505,138.25672660563254,1097.9541416494649,22.1929112305848,157.0788015597853,1946.1867632322858
2039-06-01,,10.68908050593301,104.22995307398469,804.1214475078219,13.834148947630926,141.7131386760541,1195.136652939949,21.26486536370349,186.83425135912626,1715.5033243477994
2039-07-01,,9.329695356923027,104.00281401165697,754.5158592100494,13.097823617888665,129.2230481867985,1400.0465316269278,22.32663009216789,208.73391480741472,1690.1732114639244
2039-08-01,,10.107033080347804,95.72247078872653,1078.6167679557502,14.057202485024725,137.43582369509693,1227.0933438670654,17.87571872677533,202.6265954936546,1807.4397555444946
2039-09-01,,11.513595674466423,88.60191562717046,967.7655973524277,13.462696620287794,148.03540466430672,1456.698075332656,15.758637708012778,221.1531929827377,2081.8286825480936
2039-10-01,,12.18082618119193,82.48759731299378,921.2512063784004,13.787319621264892,165.43219085739713,1353.4138287372273,18.46736694040334,219.18540489541766,1957.4936645786383
2039-11-01,,14.02717171118114,88.5356297340839,865.0205114407195,17.19815101230849,157.68734643967275,1196.346550495582,21.485355138682543,209.59465511372485,2009.9947642547004
2039-12-01,,13.25174140186098,84.00678799322588,1062.4822873750745,16.708466267100253,141.58032275401052,1066.2149790363435,19.7392694849183,196.92759888606702,2030.768475063917
2040-01-01,,11.68971391231714,83.66261315162136,1058.9905880703748,16.199844987297396,150.76731776908366,1106.3160952132257,20.93879200657809,205.4480580761383,1733.5937695460734
2040-02-01,,11.28986574302026,101.3654866845092,865.4805737494524,17.118015331896583,153.17207636232297,951.525571090217,22.704683307395857,199.44613009572902,1681.6305263502873
2040-03-01,,13.315418288050292,92.63754174806158,943.0135954000858,18.310055896195372,156.48554873998,1160.13646089324,20.590619088668955,199.90580545212754,1727.2711098274515
2040-04-01,,11.384572115213942,100.7551087567235,987.2790065416543,16.410390334698278,174.10843011367393,1408.7574789235507,22.648142426021106,215.28250337128617,1834.5540373204956
2040-05-01,,12.577257598318884,103.07999271120747,884.9660536054749,16.54799953134805,149.17230990060148,1492.2442348522918,23.58634398742949,206.24650504499445,1847.7828247825842
2040-06-01,,12.300543029674133,108.49577639993512,989.5574652609548,17.18517441193544,150.2461192967199,1597.255659409693,23.750416628932065,194.56802146988005,2023.206032410797
2040-07-01,,14.319538745833093,116.52290291003467,1028.048840494924,16.46744358920953,150.85639382987563,1527.5355184501727,25.682540775523684,211.81026550292393,2045.6178482186951
2040-08-01,,12.076550599477345,118.09153801571665,1117.3310761324058,14.641922166005589,145.1199644062837,1828.5784762138808,19.900893126370207,202.0069286104547,2269.429550227268
2040-09-01,,13.343670030143361,110.51435231432528,1220.7118023887413,12.981134952520113,146.869183947301,1735.1412756458367,20.463532961837874,218.3887524624699,2074.874995984151
2040-10-01,,13.710123464945683,109.56514115735833,1056.91821110781,13.83539830698703,144.3072949747219,1669.2790992742334,19.712618936697286,212.41096981687457,2013.1374244619094
2040-11-01,,15.832441656349094,109.16149793063659,1055.2951378592068,15.795932481324366,139.78594016326608,1426.6622460346748,19.165501076149315,210.13405104947083,1953.325505456703
2040-12-01,,11.943143518307219,110.4647063594231,1037.9202765241048,12.895879222759154,145.8298791871136,1217.6541070938058,17.739945796644136,197.62842886698002,2084.4220007553413
2041-01-01,,13.034802055052216,116.19024390293764,953.7424256163341,16.091543051215794,149.75508587407256,1185.2334538764994,22.150565664146654,202.6583376974843,1899.988042239824
2041-02-01,,12.973983921618471,110.42549971601139,777.5039183835202,16.08154799425162,141.40992608771631,1057.6772368001714,22.78986160061528,182.72337711195416,1865.4396318494669
2041-03-01,,11.398048402689204,109.10971693342364,771.8350244046246,17.828568956177502,144.3452749892615,1227.1262892024754,24.257965101386457,181.97855444371424,1839.8611947449406
2041-04-01,,11.81611949845331,103.33292759939779,761.5105819278735,18.670386895921233,167.7447130917356,1273.2615087940142,22.635851390340274,195.94894982525074,1819.2651773125478
2041-05-01,,11.94225302382717,104.34117054902728,785.1541814593405,17.36353958845576,170.3695624451821,1544.3767832793442,24.589345494797445,188.47467293920843,1802.5404351341053
2041-06-01,,13.132626286740983,96.65066824445036,886.4936873412577,20.93896397355187,147.74925910189899,1473.4582517260199,24.834626370456974,200.05239777724128,1905.5095350422646
2041-07-01,,11.529376964400466,116.64760221793766,907.118258165845,20.372447492999758,146.8198676289793,1658.0699661213694,23.834363226370133,206.6857991088054,1871.8075989180004
2041-08-01,,11.091022129834842,114.14311563700447,1049.6026609107425,18.485715501783847,162.7604992670115,1699.3428381399408,20.913441750598164,266.83416708438125,2315.6737528789827
2041-09-01,,10.680672220814134,118.77675669672757,950.7765789338581,18.185553149887113,162.91583084126444,1592.3178801352533,20.763142873391548,221.91472677340928,2985.9793470214922
2041-10-01,,10.98120918017692,119.58155797277186,871.3321701981365,22.14330449478716,156.3656308343892,1505.7162022255573,24.650415856397693,233.3963278046648,2415.7716035650415
2041-11-01,,11.658133174730173,111.59866665883823,884.5584341661513,19.965160476272487,153.73851191529133,1523.1619394369447,23.02291679541087,216.5087671028871,2015.7096423620849
2041-12-01,,10.449485905547341,118.44169333720419,1073.9538090182275,19.23345907115912,158.03754890295494,1560.630566872669,18.90580780934611,214.3817802716353,1713.5271283213735
2042-01-01,,13.001199592151059,119.54171469244514,946.4607216569544,20.011204250470445,156.15452737385908,1294.7220184521398,23.243267459708665,218.65796270184842,1679.652133919901
2042-02-01,,12.10607974061623,129.39761580602647,881.6843737435328,19.428679443011927,142.32383738042324,1447.3911842706184,24.424520269664878,218.58538527994108,1745.8511267714698
2042-03-01,,11.903300661269384,117.77637732829854,1069.152309798537,17.120713806346366,149.55267867143232,1509.1239008121913,29.74926212448309,212.89162410554945,1777.6069760001094
2042-04-01,,13.312926857457533,125.51077948898796,1054.0373465681464,17.261273625689004,135.82445648537015,1529.359794616665,32.49301957660247,209.56805334744467,1671.4309670192577
2042-05-01,,13.185770593880042,132.58247343624816,1052.892234741977,17.471775776314523,135.56480402468003,1358.6002425026288,35.23804462506391,220.04805120813887,1746.8554306442566
2042-06-01,,14.511848623131819,127.55513987719996,1122.9049378147972,17.610222338742908,135.07858472686928,1407.082077880569,34.84681899220394,246.32584102274774,1973.1609608602644
2042-07-01,,13.966943468272127,124.20900478030373,1104.1807340713758,18.546449914750653,164.59504447034794,1473.9548849148678,28.525058978585903,246.63663943536903,2015.4795024825696
2042-08-01,,11.403324234276974,114.67987705275198,1408.0625167711498,17.54709874564496,197.36564433694116,1647.1889378667624,26.207203346786784,266.27233776721704,2198.2833670356586
2042-09-01,,11.540117747299233,132.74955976791534,1230.2767161514676,18.02777566938727,194.5301759071536,1985.967103307604,22.5396180116377,252.2097590577842,2146.093871713285
2042-10-01,,10.785504459159595,122.99648429097394,1165.7477078084808,16.666481552476302,186.50963775334162,1724.4087857711886,21.480394337798753,256.7700595667128,1919.536844365205
2042-11-01,,11.72461695295366,126.16184910378368,1032.801891834276,19.025528344008197,187.9170939261548,1723.5633873190657,27.643114459101003,281.8535258849528,1670.7185418670406
2042-12-01,,11.16850108870048,111.74004654371501,1247.2573580342237,20.39497359603584,185.1214940801247,1482.026163965151,25.651084511457995,270.70121546364373,2072.6214379283265
2043-01-01,,12.523709989993442,116.98492298524063,1119.7723212052372,20.477035480327146,177.9187399249264,1446.6195271928686,28.185344833176984,255.19990885408066,1757.648867324882
2043-02-01,,13.838866707455749,122.60694606445674,1061.37244704714,18.799958958833045,173.32799268014173,1223.6214067967048,32.069598935924496,261.9246782504184,1412.470625612752
2043-03-01,,13.255678571271726,115.741269352191,1104.8140497516567,20.214624932901064,171.09413308717683,1242.1297502696718,31.40632435970264,245.31479815417356,1566.0604989256074
2043-04-01,,13.722777752195336,110.34758340694401,1090.8579180105419,18.99619788192904,180.1642572450703,1308.1271296966027,34.78361506480558,251.72808551597964,1753.9708680645858
2043-05-01,,15.438034404941638,118.31300609575194,1164.4068101635658,19.406444276132614,169.28963696222345,1216.7331416232098,30.66608978451139,256.8181521535997,2122.5862370261943
2043-06-01,,14.948275911082437,115.77741631796343,941.4417459658144,20.311261539829403,165.77904298376848,1335.2340971089413,34.68551044208197,253.02867528209498,1907.6385533738694
2043-07-01,,14.707648645697745,119.87785211690885,1036.5488551831247,18.75999081405047,173.58802932946307,1596.907225216848,34.24608365845312,245.61110254822322,2475.6834443608823
2043-08-01,,12.213887325342185,126.8735081336747,1188.7248814627815,16.678446550810587,184.4756584201512,1508.9592642493758,29.001414863357432,269.68019490363537,2658.5446390379457
2043-09-01,,12.736185802026007,119.88704012989184,1374.4948646749522,18.554361032658953,174.96033817702215,1846.6599548455627,27.050329180924898,279.7886691574199,2960.7075863534897
2043-10-01,,12.223607399640024,125.51815757947516,1152.0472084868723,19.71940143786739,168.85492960597674,1633.7440809605043,30.84347524202293,282.4128819905268,2418.2709735551534
2043-11-01,,12.79445189884836,131.0034699870739,1087.2076726477105,20.38823180146543,163.44394312645784,1330.4487725745298,28.95876936553487,280.7377773106025,2268.3318590248614
2043-12-01,,13.036330731768826,126.71442073509178,986.000948931775,21.538696960663305,149.49261934558717,1591.4661284668546,28.502246059641593,320.117978957429,2023.992338407441
2044-01-01,,12.936450249142728,122.47035187572342,967.6924421250588,23.1967733722844,151.89689981589686,1317.6981774235994,35.374145054049315,298.9500435000444,1914.5203418211206
2044-02-01,,14.415396071524698,117.76102786595739,970.5280693592866,21.342271874612457,155.28998970582012,1366.3515558045094,39.75323310452112,285.0881407498813,2258.1360900216914
2044-03-01,,10.956783122870121,100.36394557832244,987.5993548052387,23.054659499529887,167.76365337352183,1641.3894158745566,30.601933512067504,274.86164172424037,2419.499323549733
2044-04-01,,13.289414821287108,108.35552856345086,1092.8569334747192,19.201680181990348,185.14764185751923,1192.1688427624815,36.98047841473141,294.5860983645638,2429.360498947453
2044-05-01,,13.544843458748778,108.85589081201529,945.6443704775179,21.49786774907354,184.42908725258093,1538.1160913128986,35.00780745332901,276.1977361276649,2280.4206003338045
2044-06-01,,14.529566584953413,124.47466691603802,936.6832853295243,18.726973310808656,197.586755072258,1549.5909950115772,33.69012612187874,294.2020098447455,2705.723845576708
2044-07-01,,15.382532064354812,125.76729768227354,1083.3463297564356,21.23617487519217,187.12078045599793,1668.564366266355,32.531308025388824,257.42967599241456,2423.625806442734
2044-08-01,,12.761631462720201,123.08829556521266,1190.1819086293822,22.601270512015198,189.6550451079032,1979.0739523243026,28.820336850120366,258.0308980341408,3240.8498869653163
2044-09-01,,13.602025823731497,123.99245888702562,1159.5664733414676,19.615814028847872,181.4799463084057,2227.1623260545593,35.58192715579368,300.19590439957443,2747.406553348974
2044-10-01,,14.908619661903842,124.70077678049901,1216.8490282715975,19.690863668661148,203.7329495585276,1813.0200697740588,33.20200021465372,302.05130072766326,2259.2096746233588
2044-11-01,,17.82299347614647,122.20732773335618,1145.51442314042,21.314493946797395,196.63956216532011,1677.1049827707393,37.590103032961615,269.75940120250414,2005.777704289185
2044-12-01,,15.840930289519381,120.95812451537506,1357.2678024248873,19.846890163351837,197.63853490501668,1698.3373648143595,40.50942510036595,248.05111933234764,2421.769750815776
2045-01-01,,15.797044075280132,119.70352832471976,1228.3815904308967,24.631114553451464,195.74909057219162,1725.5596921308065,36.903096463827566,269.7098018185902,2477.433771023008
2045-02-01,,14.286594823255527,108.90919401385202,993.1068693579185,25.002415844142128,196.27606118288904,1551.469136535384,37.05718219623266,263.40562945112424,2099.3134164592843
2045-03-01,,13.445050192025763,109.24785685956081,1032.9839173880152,22.057651464004064,162.0364839332487,1580.5473253251232,33.831769160573806,274.702061308345,2321.7469623688885
2045-04-01,,14.129165776600146,120.6116933662533,1066.4339748014647,19.99480158154574,175.12967591022232,1643.8314508612,30.747979296745033,269.6563539801447,2146.446455249511
2045-05-01,,14.287306291611307,104.09498776911477,1028.7003524752436,17.786861236196362,170.9186296324296,1925.8188456278426,32.14324205571613,257.9759290211873,2428.1771658119696
2045-06-01,,14.489064457855022,113.54110127638066,1125.9771123041587,20.738763361153605,178.53362415650417,1740.482225907137,30.233018941391265,277.8997697602935,2530.7912631778886
2045-07-01,,14.647436579130147,109.2511849907803,1022.0603705220544,21.08344875329466,189.19481061457853,2195.650115792845,29.481446553612695,292.1999178881848,2088.121139001541
2045-08-01,,11.332096848220793,126.74772483445105,1208.313310846556,20.310064958391468,203.33773963976944,2099.0751656898674,31.785624900373872,261.2379870231522,2583.768023728442
2045-09-01,,12.276409366861348,124.28686705333196,1370.7178983750618,21.145742946134323,217.63606676196173,1919.346525425885,29.422542986146343,289.6114583205041,2286.3411285844445
2045-10-01,,13.484709682476588,125.27061482097119,1237.4222981402231,24.08399617512804,223.14979386202012,2005.1511657129295,35.479582362167086,276.3650292933884,2486.263100893661
2045-11-01,,17.240591619628567,131.15229477945977,1187.660759333866,27.714410587984236,216.1887071639104,1845.841788572004,34.92962780011019,287.3532122553794,2517.2901528178877
2045-12-01,,15.70450069092186,120.83257995340763,1088.404808858372,26.83500281325958,194.77335783474842,1727.5204831910805,32.98056534028492,267.10360564711794,2351.4131260639947
