date,eeg_strike_hist,market_price_p50,markup_path,eeg_strike_p50
2017-05-01,58.18198836539946,,,
2017-08-01,46.38126336720261,,,
2017-11-01,40.21597779874906,,,
2018-02-01,49.04926605115101,,,
2018-05-01,54.78163339623266,,,
2018-08-01,61.14684871577759,,,
2018-10-01,61.72408909488863,,,
2019-02-01,60.41094535333106,,,
2019-05-01,61.15970640086792,,,
2019-08-01,61.979268547544415,,,
2019-09-01,61.95088120973324,,,
2019-10-01,61.99803988827363,,,
2019-12-01,61.10253703487694,,,
2020-02-01,61.763773620738775,,,
2020-03-01,60.80221878224975,,,
2020-06-01,61.35732158514938,,,
2020-07-01,60.84980371630464,,,
2020-09-01,61.91446287646964,,,
2020-10-01,61.14088042135379,,,
2020-12-01,59.82482879318216,,,
2021-02-01,59.96789092932666,,,
2021-05-01,58.775423415045765,,,
2021-09-01,58.09116808491973,,,
2022-02-01,57.39408816697126,,,
2022-05-01,58.46440558037364,,,
2022-09-01,58.40856262780524,,,
2022-12-01,58.652745629155376,,,
2023-02-01,73.44257057801043,,,
2023-05-01,73.4212445680079,,,
2023-08-01,73.23959569784614,,,
2023-11-01,73.10216951872873,,,
2024-02-01,73.35302733204787,,,
2024-05-01,73.26267336173912,,,
2024-08-01,73.26267336173912,,,
2024-11-01,71.9,,,
2025-02-01,70.0,,,
2025-05-01,68.7,,,
2025-08-01,66.2,,,
2026-01-01,,83.59030677143443,1.0980975763909313,91.7903132754866
2026-02-01,,77.70024496671812,1.0977225552922885,85.29331145170259
2026-03-01,,79.7828476309146,1.0973493350283314,87.54965479445083
2026-04-01,,72.6206656052027,1.0969779069515317,79.66326575702236
2026-05-01,,72.07966302291959,1.096608262455886,79.04315402596963
2026-06-01,,81.21899019000779,1.0962403929767166,89.03553772306623
2026-07-01,,92.11149592094469,1.0958742899904734,100.94262019232565
2026-08-01,,100.84201525332452,1.0955099450145356,110.47343058532451
2026-09-01,,100.73016339515314,1.0951473496070154,110.31437146768357
2026-10-01,,87.44124087465843,1.0947864953665631,95.72948964767077
2026-11-01,,98.87396594142226,1.0944273739321717,108.21037489552974
2026-12-01,,98.97286524425571,1.0940699769829834,108.28324039972276
2027-01-01,,90.35141529799279,1.0937142962380964,98.81863459676015
2027-02-01,,84.41691222511676,1.0933603234563738,92.29810245564198
2027-03-01,,85.95752892155656,1.0930080504362525,93.95227110686832
2027-04-01,,77.87426683301177,1.0926574690155524,85.08989929920043
2027-05-01,,77.47090600850689,1.092308571071288,84.62213464175022
2027-06-01,,86.4942795232597,1.0919613485194808,94.44841010743959
2027-07-01,,96.20700376338507,1.0916157933149697,105.02108473562387
2027-08-01,,104.68488907137146,1.0912718974512272,114.23967753138677
2027-09-01,,104.5483393870841,1.0909296529601726,114.054883605114
2027-10-01,,91.083358317452,1.0905890519119876,99.33451339238982
2027-11-01,,102.25376300817993,1.090250086414932,111.48217395592015
2027-12-01,,102.35789694547213,1.0899127486151623,111.56117680230706
2028-01-01,,93.68956240926843,1.0895770306965478,102.0819952171496
2028-02-01,,87.50938705398187,1.0892429248804916,95.31898070917823
2028-03-01,,89.00406030617336,1.088910423425748,96.91744899460605
2028-04-01,,80.81584750479863,1.0885795186282459,87.97447637430741
2028-05-01,,79.88617748991413,1.0882502028209076,86.93614885598608
2028-06-01,,89.39163875974421,1.0879224683734727,97.25117229145071
2028-07-01,,100.40081192636771,1.0875963076923212,109.19555234042869
2028-08-01,,108.13397828591803,1.0872717132202971,117.5710158282565
2028-09-01,,108.58887803199912,1.086948677436534,118.03053736119854
2028-10-01,,94.30927286043132,1.0866271928562796,102.4790204286474
2028-11-01,,106.24607416930493,1.0863072520307235,115.41588086991008
2028-12-01,,106.9066927272641,1.0859888475468242,116.09947602992399
2029-01-01,,96.69047706187956,1.0856719720271373,104.97414090801547
2029-02-01,,90.92014505153392,1.0853566181296441,98.68078115298955
2029-03-01,,92.25430449120839,1.0850427785475825,100.09986687811546
2029-04-01,,83.59979602800257,1.084730446009277,90.68324403173982
2029-05-01,,83.23752677670461,1.0844196132779702,90.26440659740871
2029-06-01,,92.34496535287232,1.0841102731516556,100.1121256128826
2029-07-01,,103.90236434718705,1.08380241846291,112.60963376349576
2029-08-01,,111.3427272614282,1.083496042078728,120.63940430200874
2029-09-01,,111.55859596917023,1.083191136900357,120.83928239885309
2029-10-01,,97.9985828771267,1.0828876958631315,106.12145960966386
2029-11-01,,108.86854465064454,1.0825857119363111,117.8595309180881
2029-12-01,,109.21617527844654,1.082285178122916,118.20304771513712
2030-01-01,,99.75631511103268,1.0819860874595655,107.93494508636978
2030-02-01,,94.02457195250668,1.0816884330163177,101.70529190033696
2030-03-01,,94.93402742114436,1.081392207896507,102.66091751745884
2030-04-01,,86.27787626824926,1.0810974052365858,93.27478816292748
2030-05-01,,85.87512057658105,1.0808040182059646,92.81417538309051
2030-06-01,,96.50045642972472,1.0805120400068544,104.26990503847443
2030-07-01,,107.15281056015402,1.080221463874109,115.74876588151467
2030-08-01,,115.17914605613632,1.0799322830750673,124.38567816303993
2030-09-01,,115.02947614227352,1.0796444909093992,124.19094020919978
2030-10-01,,101.0528376912709,1.0793580807089487,109.07219694064307
2030-11-01,,112.57609800039654,1.0790730458375801,121.47783295779782
2030-12-01,,112.34195256442433,1.078789379691024,121.19330532025376
2031-01-01,,103.18653132904095,1.0785070756967248,111.28740415497242
2031-02-01,,97.23205720652768,1.0782261273136875,104.83814449253727
2031-03-01,,98.21625711773797,1.0779465280323273,105.871873356396
2031-04-01,,89.86921773926997,1.0776682713743173,96.8492045308412
2031-05-01,,89.3042962289473,1.07739135089244,96.21567635460416
2031-06-01,,98.72940883742521,1.0771157601704369,106.3430022511011
2031-07-01,,109.97610903153947,1.07684149282286,118.42683742437258
2031-08-01,,118.118082934662,1.0765685424949238,127.16221238726361
2031-09-01,,117.83237193445783,1.0762969028623588,126.82261696998249
2031-10-01,,103.3162348547198,1.0760265676312635,111.17101357130964
2031-11-01,,114.94114123748301,1.07575753053796,123.64879825484961
2031-12-01,,115.54421726547497,1.0754897853488483,124.26662542514637
2032-01-01,,105.52165774191275,1.075223325860262,113.45934778754769
2032-02-01,,99.44248545332007,1.0749581458983237,106.89650978642197
2032-03-01,,100.43569967606393,1.0746942393188033,107.9376678638193
2032-04-01,,92.04451919825553,1.0744316000069751,98.89554003405442
2032-05-01,,91.25248053068009,1.0741702218774758,98.02069725851067
2032-06-01,,100.78723159672094,1.0739100988741637,108.23642584928783
2032-07-01,,112.2564580669339,1.0736512249699783,120.5242837143546
2032-08-01,,120.26732804736875,1.0733935941668014,129.0941795136029
2032-09-01,,120.21046996745196,1.0731372004953168,129.00232721109774
2032-10-01,,105.96958012642779,1.0728820380148731,113.69285909362225
2032-11-01,,117.6181791882824,1.0726281008133456,126.16056416385112
2032-12-01,,117.81562336825485,1.072375383006999,126.34257423374065
2033-01-01,,108.64701750925195,1.072123878740352,116.48306182559014
2033-02-01,,102.22513207612283,1.0718735821860403,109.57241850787487
2033-03-01,,103.2735692856296,1.0716244875446836,110.6704857626232
2033-04-01,,94.96294370840803,1.0713765890447486,101.74107471596267
2033-05-01,,94.55952338656058,1.0711298809424172,101.28553102701835
2033-06-01,,104.19252817136777,1.0708843575214533,111.5781485893311
2033-07-01,,116.41467036155959,1.0706400130930693,124.6382042001255
2033-08-01,,124.6367560689084,1.070396841995795,133.41079009275978
2033-09-01,,124.26069399538653,1.0701548385953465,132.97818292637862
2033-10-01,,109.87384471220363,1.0699139972844955,117.55556439304972
2033-11-01,,121.78500362129765,1.0696743124829395,130.27029001934386
2033-12-01,,121.5915824507118,1.0694357786371715,130.03438865390282
2034-01-01,,112.15483213997001,1.0691983902203537,119.91576597948992
2034-02-01,,105.463604218114,1.0689621417321862,112.73660023979076
2034-03-01,,106.2513371121481,1.0687270276987828,113.55367570088741
2034-04-01,,97.79650911760386,1.0684930426725419,104.49488958982153
2034-05-01,,97.63827092995692,1.068260181232021,104.30307699881693
2034-06-01,,106.59491642161021,1.0680284379818112,113.84640208257407
2034-07-01,,118.1906754654006,1.0677978075524126,126.20374413509349
2034-08-01,,127.17763008043974,1.0675682846001089,135.77080438448226
2034-09-01,,126.57116511023554,1.067339863806844,135.09445013063237
2034-10-01,,112.05797353451834,1.0671125398800991,119.57846875223679
2034-11-01,,123.8795977045618,1.0668863075527701,132.16544657614256
2034-12-01,,124.34075304304417,1.0666611615830448,132.62945207300402
2035-01-01,,114.72844273875745,1.066437096754282,122.35066738946038
2035-02-01,,108.50801269836717,1.066214107874891,115.6927739564669
2035-03-01,,109.67771732639028,1.0659921897782105,116.91559006263435
2035-04-01,,100.98678922223266,1.0657713373223894,107.62882540127316
2035-05-01,,100.25998338331067,1.0655515453902678,106.83218023488925
2035-06-01,,110.10681082422752,1.0653328088892575,117.3003980532124
2035-07-01,,121.72770221281982,1.0651151227512254,129.6540164846322
2035-08-01,,131.47667183184237,1.064898481932375,140.00930824325
2035-09-01,,130.59260186214706,1.06468288141313,139.03970764182841
2035-10-01,,115.46062660717391,1.0644683161980175,122.90417879170643
2035-11-01,,127.9733510086416,1.0642547813155534,136.19625069192043
2035-12-01,,128.51702385297278,1.0640422718181257,136.74754602782141
2036-01-01,,119.017249616946,1.0638307827818811,126.6142138245422
2036-02-01,,112.25249576803924,1.0636203093066103,119.39403426924086
2036-03-01,,113.05852214530384,1.0634108465156344,120.22765874034415
2036-04-01,,104.12346618144484,1.0632023895556924,110.70431805293347
2036-05-01,,104.1032441830732,1.0629949335968278,110.66122113760025
2036-06-01,,114.28506036503032,1.0627884738322786,121.4608448871804
2036-07-01,,125.64795709651008,1.0625830054783632,133.5113838838261
2036-08-01,,134.3361503207837,1.062378523774372,142.7158410673263
2036-09-01,,134.1549839479861,1.0621750239824557,142.4960732923181
2036-10-01,,119.2627907176423,1.061972501387516,126.65380418087044
2036-11-01,,130.9297389503427,1.0617709512970965,139.01739347838588
2036-12-01,,131.18718445314568,1.0615703690412739,139.26442781341152
2037-01-01,,121.75745802041348,1.0613707499725487,129.22980453387737
2037-02-01,,115.40633821476587,1.0611720894657397,122.46598506095295
2037-03-01,,116.2412938669761,1.060974382917875,123.32903503009034
2037-04-01,,107.72217302740037,1.0607776257480859,114.26927094443026
2037-05-01,,107.08513423172877,1.060581813397501,113.5725458514017
2037-06-01,,117.21772843324149,1.0603869413291405,124.29614852287476
2037-07-01,,129.76202317078565,1.0601930050278108,137.57278928392364
2037-08-01,,137.9031715126378,1.06,146.17736180339608
2037-09-01,,138.08733910852607,1.0598079217737741,146.34605588387743
2037-10-01,,122.94318001544971,1.059616765898673,130.27265479726918
2037-11-01,,135.2473358329487,1.0594265279456077,143.2846154153944
2037-12-01,,136.03647324398187,1.0592372035067565,144.09489349387707
2038-01-01,,126.21824815132129,1.0590487881954656,133.67128275281138
2038-02-01,,119.03176818476229,1.0588612776461443,126.03813014059708
2038-03-01,,120.49442977565693,1.0586746675141658,127.5644003800526
2038-04-01,,111.8864785674549,1.0584889534757658,118.43060160695404
2038-05-01,,110.5978632196597,1.058304131227943,117.04617555034883
2038-06-01,,120.38170330177516,1.0581201964883584,127.3783115512776
2038-07-01,,132.49240449609076,1.0579371449952368,140.16863614614834
2038-08-01,,141.63516400993552,1.0577549725072677,149.8152990133917
2038-09-01,,141.43686809451054,1.0575736748035078,149.57990834341052
2038-10-01,,126.040808102933,1.0573932476832817,133.27469942058562
2038-11-01,,138.68940786147658,1.057213686966086,146.62434022837493
2038-12-01,,138.6977647693152,1.0570349884914916,146.60839018672868
2039-01-01,,128.24679320386468,1.056857148119048,135.53854012084975
2039-02-01,,121.55660804675705,1.056680161728187,128.44645624997708
2039-03-01,,122.28708949135913,1.0565040252181261,129.19680227983014
2039-04-01,,113.30624362378347,1.056328734507776,119.68864093894096
2039-05-01,,112.97799050644068,1.056154285535644,119.32218884458263
2039-06-01,,122.98749490877896,1.0559806742597404,129.8724177992888
2039-07-01,,134.8605208146862,1.0558078966574849,142.3868028234868
2039-08-01,,144.79022314399708,1.0556359487256137,152.84576457480668
2039-09-01,,143.9785592239257,1.0554648264800863,151.9643050281336
2039-10-01,,128.7665656416853,1.0552945259559938,135.88665184782366
2039-11-01,,140.89823430625734,1.0551250432074661,148.66525556024547
2039-12-01,,141.29206484059662,1.0549563743075812,149.0569644426675
2040-01-01,,131.3998466159781,1.054788515348274,138.59904912905847
2040-02-01,,124.49110242227394,1.0546214624402457,131.29098849737696
2040-03-01,,125.6866196972322,1.054455211712874,132.53091118232047
2040-04-01,,116.77215342038707,1.054289759314123,123.11168552417172
2040-05-01,,116.14681419920095,1.0541251014104538,122.43327229623384
2040-06-01,,126.48816112645065,1.0539612341867364,133.3136184108447
2040-07-01,,137.7916432588958,1.0537981538461607,145.20457928165317
2040-08-01,,147.77127059082895,1.0536358566101487,155.69710927133812
2040-09-01,,147.3099015191436,1.053474338718267,155.18720108953286
2040-10-01,,131.8444807787777,1.05331359642814,138.8735842182951
2040-11-01,,144.7086087798403,1.0531536260153618,152.4003960521272
2040-12-01,,145.39583712124448,1.0529944237734121,153.10100572853773
2041-01-01,,134.7778532452719,1.0528359860135685,141.89897401427788
2041-02-01,,128.20918758273746,1.052678309064822,134.96303079117064
2041-03-01,,128.6813212837954,1.0525213892737912,135.43984305120742
2041-04-01,,119.34278990217132,1.0523652230046385,125.59220170939425
2041-05-01,,119.33244914577816,1.0522098066389851,125.56277324143576
2041-06-01,,129.51995034872255,1.0520551365758277,136.26212905341973
2041-07-01,,141.97718287452466,1.051901209231455,149.34597034898792
2041-08-01,,150.77418875649687,1.051748021039364,158.5764546484611
2041-09-01,,150.68286788619233,1.0515955684501785,158.45743611048357
2041-10-01,,135.3355218213838,1.0514438479315658,142.29770182570215
2041-11-01,,148.08070824242745,1.0512928559681556,155.67619068196876
2041-12-01,,147.67871321666252,1.0511425890614579,155.23138495982718
2042-01-01,,138.75765540220434,1.0509930437297827,145.83333059197108
2042-02-01,,131.17984272505686,1.0508442165081588,137.84957905007587
2042-03-01,,132.41219803220415,1.0506961039482536,139.12498058766153
2042-04-01,,122.72523640409969,1.050548702618293,128.92883788285022
2042-05-01,,122.5961827567186,1.0504020091029824,128.77527667601365
2042-06-01,,133.27318720070332,1.0502560200034272,139.97096716258235
2042-07-01,,145.6486846679855,1.0501107319370544,152.94724686236748
2042-08-01,,155.28451303255397,1.0499661415375336,163.04348098932556
2042-09-01,,154.06422880812192,1.0498222454546997,161.7400546315892
2042-10-01,,138.66986430223153,1.0496790403544745,145.55885008685158
2042-11-01,,150.70577334479944,1.04953652291879,158.1712133400881
2042-12-01,,150.77286307399916,1.049394689845512,158.2202418826592
2043-01-01,,141.37510494553976,1.0492535378483625,148.33832902779113
2043-02-01,,134.04662870209668,1.0491130636568438,140.63006931052806
2043-03-01,,134.97125438341374,1.0489732640161635,141.58123725892543
2043-04-01,,125.94930057421638,1.0488341356871587,132.0999258081604
2043-05-01,,125.3842495369725,1.04869567544622,131.4899202584928
2043-06-01,,136.49743742049367,1.0485578800852184,143.1254636186976
2043-07-01,,149.34828280225304,1.04842074641143,156.57983813080344
2043-08-01,,158.11740441465332,1.048284271247462,165.7519880583551
2043-09-01,,157.82714230796373,1.0481484514311794,165.42627480390055
2043-10-01,,141.81401713330177,1.0480132838156317,148.62297378695786
2043-11-01,,154.68611346457365,1.04787876526898,162.09229358151478
2043-12-01,,155.03789734774148,1.0477448926744242,162.44016511707778
2044-01-01,,144.56017260228515,1.0476116629301309,151.44292281334668
2044-02-01,,137.3271338082835,1.0474790729491619,143.8472988122663
2044-03-01,,138.15833267354816,1.0473471196594017,144.69973178258607
2044-04-01,,129.31621952883816,1.0472158000034877,135.4219882873189
2044-05-01,,128.44029305581122,1.0470851109387378,134.48791850334808
2044-06-01,,139.4427539194455,1.0469550494370818,145.9902953233759
2044-07-01,,151.91679100567157,1.0468256124849893,159.03038779126626
2044-08-01,,162.47463011808173,1.0466967970834007,170.06167495190638
2044-09-01,,161.1468765317592,1.0465686002476584,168.65126100612545
2044-10-01,,144.82545462730184,1.0464410190074367,151.55129631840902
2044-11-01,,157.83196364824926,1.0463140504066728,165.14180116843843
2044-12-01,,159.48795278691438,1.0461876915034996,166.85433314876107
2045-01-01,,149.0048366507908,1.046061939370176,155.8682884024625
2045-02-01,,141.99331095010584,1.0459367910930202,148.5160280118271
2045-03-01,,143.26328878207195,1.0458122437723418,149.82650149138365
2045-04-01,,134.11653757785461,1.0456882945223742,140.2440934470327
2045-05-01,,132.9559565809606,1.0455649404712086,139.01408682786465
2045-06-01,,143.56925804064093,1.0454421787607266,150.09335792906862
2045-07-01,,157.08904932613777,1.0453200065465347,164.20832606998724
2045-08-01,,166.41403827645178,1.0451984209978975,173.93569003843106
2045-09-01,,165.82244721985268,1.0450774192976733,173.29729520214826
2045-10-01,,149.24784826152037,1.0449569986422478,155.95758357317195
2045-11-01,,162.3862224734866,1.0448371562414698,169.6671589019924
2045-12-01,,162.38412793259852,1.0447178893185858,169.64560339258352
2046-01-01,,152.03270173770727,1.0445991951101767,158.8132378656346
2046-02-01,,144.99407281082424,1.0444810708660932,151.443564438686
2046-03-01,,145.51636135092727,1.0443635138493914,151.97197846303217
2046-04-01,,136.6029130318775,1.0442465213362708,142.64711673793923
2046-05-01,,136.33849277841728,1.0441300906160105,142.35512281917912
2046-06-01,,147.1467298291148,1.0440142189909056,153.6232782196091
2046-07-01,,159.58203522365258,1.0438989037762063,166.58751163234686
2046-08-01,,169.59150146709212,1.0437841423000545,177.01691990020717
2046-09-01,,168.8040902165706,1.043669931903422,176.17575334134733
2046-10-01,,152.34540501008328,1.0435562699400496,158.98100259482865
2046-11-01,,166.0209248506925,1.043443153776385,173.2333974190788
2046-12-01,,165.972858004513,1.0433305807915223,173.16455833747742
2047-01-01,,154.74481105429842,1.043218548377141,161.43265715696018
2047-02-01,,147.24587674730708,1.0431070539374454,153.5932126983197
2047-03-01,,148.93232519890734,1.0429960948891053,155.33583358521463
2047-04-01,,139.75093975336358,1.0428856686611947,145.74425225071693
2047-05-01,,138.97823089509944,1.0427757726951339,144.92313210944005
2047-06-01,,149.42616845966808,1.0426664044446288,155.8016457977795
2047-07-01,,162.27982208301884,1.0425575613756126,169.1860555713404
2047-08-01,,171.65547918379895,1.0424492409661874,178.94212398283838
2047-09-01,,171.68094214575498,1.042341440706565,178.9501605780667
2047-10-01,,155.14727762555532,1.0422341580990089,161.69979227742385
2047-11-01,,168.4155663182527,1.0421273906577766,175.51047467339242
2047-12-01,,169.6060017855559,1.042021135909063,176.7330386375795
2048-01-01,,157.83606529577304,1.0419153913909407,164.45182574825145
2048-02-01,,150.75183027667532,1.0418101546533052,157.05478761481194
2048-03-01,,152.40636170623154,1.0417054232578173,158.76253352837392
2048-04-01,,142.60160574144766,1.041601194777846,148.53400291753124
2048-05-01,,141.91396898482014,1.041497466798414,147.80303920099888
2048-06-01,,153.04680212961935,1.0413942369161393,159.38205771623032
2048-07-01,,166.7374901647342,1.0412915027391816,173.62233169659558
2048-08-01,,176.6934657423195,1.0411892618871859,183.9713391765344
2048-09-01,,176.29886573587154,1.0410875119912277,183.54254749583401
2048-10-01,,159.0456726258174,1.040986250693758,165.5643584358165
2048-11-01,,172.69655357608082,1.0408854756485484,179.7573343119039
2048-12-01,,173.47710890406836,1.0407851845206368,180.5524048008274
2049-01-01,,162.92800948603852,1.0406853749862743,169.55679664774524
2049-02-01,,155.05678836142306,1.0405860447328699,161.34993010999492
2049-03-01,,156.758972939909,1.0404871914589375,163.1057034902335
2049-04-01,,147.01634909669116,1.0403888128740428,152.95416490978238
2049-05-01,,146.17844319789512,1.0402909066987505,152.0681052141501
2049-06-01,,157.4124923720715,1.0401934706645704,163.73944676646528
2049-07-01,,170.88346779123768,1.0400965025139053,177.7352971871139
2049-08-01,,180.81840579924946,1.04,188.05114203121946
2049-09-01,,179.80687313814298,1.0399039608868872,186.9818795710409
2049-10-01,,163.2507276107982,1.0398083829493365,169.7494750922867
2049-11-01,,177.29125574607767,1.0397132639728037,184.3320701855915
2049-12-01,,178.2592862917787,1.0396186017533784,185.32166996421412
2050-01-01,,166.3623089536118,1.0395243940977328,172.93767841570315
2050-02-01,,158.11757860949527,1.039430638823072,164.352255743225
2050-03-01,,160.18780245025437,1.0393373337570828,166.48916349905366
2050-04-01,,150.09483549628038,1.039244476737883,155.98522877639053
2050-05-01,,149.23502516150188,1.0391520656139714,155.0778846585277
2050-06-01,,161.31857954657428,1.039060098244179,167.6196991122749
2050-07-01,,174.64523310851285,1.0389685724976183,181.4509085362654
2050-08-01,,185.14799061004572,1.0388774862536339,192.3460790698757
2050-09-01,,184.28746486845876,1.038786837401754,191.4353928034931
2050-10-01,,167.24932755774728,1.0386966238416409,173.7213118740168
2050-11-01,,181.59500894379246,1.0386068434830429,188.60581903138723
2050-12-01,,182.5869650599589,1.0385174942457458,189.61975743600408
2051-01-01,,169.49938779791805,1.038428574059524,176.01300757495432
2051-02-01,,161.52647273233347,1.0383400808640935,167.71941075858294
2051-03-01,,163.32872945609284,1.038252012609063,169.57638207466957
2051-04-01,,152.98179472060085,1.038164367253888,158.82024811747678
2051-05-01,,152.1718225651165,1.0380771427678221,157.96609077816817
2051-06-01,,163.71288526502593,1.0379903371298702,169.93239296874802
2051-07-01,,177.5575938093438,1.0379039483287424,184.28772767046902
2051-08-01,,188.74873953310248,1.0378179743628069,195.88683452577746
2051-09-01,,188.3723959727961,1.0377324132400432,195.4801410606587
2051-10-01,,171.02440869378916,1.037647262977997,177.46300958354067
2051-11-01,,184.77173853863653,1.037562521603733,191.71223095925336
2051-12-01,,185.18857457419088,1.0374781871537906,192.1291066308261
2052-01-01,,173.773986783238,1.037394257674137,180.2721360220725
2052-02-01,,165.96987561332614,1.0373107312201229,172.16233303297219
2052-03-01,,166.97374162601182,1.0372276058564371,173.18977426763956
2052-04-01,,157.3289220550898,1.0371448796570615,163.1728859314013
2052-05-01,,156.05276803510375,1.037062550705227,161.8364816630958
2052-06-01,,168.0265183320961,1.0369806170933682,174.24024266806714
2052-07-01,,181.717282581573,1.0368990769230804,188.42248256980358
2052-08-01,,192.3197864520873,1.0368179283050742,199.40060256132745
2052-09-01,,191.78988788672297,1.0367371693591336,198.83570547938675
2052-10-01,,173.61375488618242,1.03665679821407,179.9778792662322
2052-11-01,,188.64332562468152,1.036576813007681,195.54329727120256
2052-12-01,,189.13724391119598,1.0364972118867062,196.04022597789054
2053-01-01,,176.41042055525722,1.0364179930067843,182.83493401736246
2053-02-01,,168.86043021792935,1.036339154532411,174.9966754860281
2053-03-01,,170.63978474325452,1.0362606946368957,176.82730187073528
2053-04-01,,159.5952171865896,1.0361826115023192,165.36978892768022
2053-05-01,,159.4983660985078,1.0361049033194927,165.25703918611148
2053-06-01,,170.50704529153987,1.0360275682879139,176.64999950935123
2053-07-01,,184.68882205160193,1.0359506046157274,191.3284968701235
2053-08-01,,195.52234405128058,1.035874010519682,202.5365146786091
2053-09-01,,194.64293800031322,1.0357977842250892,201.61072389578584
2053-10-01,,177.35773226853308,1.0357219239657829,183.6932916953733
2053-11-01,,191.67898179255124,1.0356464279840778,198.5116528130808
2053-12-01,,192.10997789382702,1.035571294530729,198.94357849978016
2054-01-01,,180.92825196622206,1.0354965218648915,187.35057561811766
2054-02-01,,173.03184786802566,1.0354221082540795,179.16100071461028
2054-03-01,,173.86999546653078,1.0353480519741267,180.01596110302287
2054-04-01,,164.1884271020051,1.0352743513091465,169.98006736049743
2054-05-01,,163.89698456566757,1.0352010045514912,169.66632306533933
2054-06-01,,175.08103927984442,1.0351280100017137,181.23128777877722
2054-07-01,,189.43920742534038,1.0350553659685273,196.08006817042346
2054-08-01,,200.22204821831735,1.0349830707687668,207.22643030060618
2054-09-01,,199.53234099144845,1.0349111227273498,206.4982390358763
2054-10-01,,181.1803965603906,1.0348395201772371,187.49263464207615
2054-11-01,,196.15256071088044,1.034768261459395,202.97244422760616
2054-12-01,,196.6062915337411,1.0346973449227561,203.42800784507128
2055-01-01,,184.83854098822297,1.0346267689241813,191.23890243530496
2055-02-01,,177.1681656988533,1.034556531828422,183.29048305580886
2055-03-01,,178.1929725507895,1.0344866320080819,184.33824802157483
2055-04-01,,167.88986829604707,1.0344170678435793,173.66814528344173
2055-05-01,,167.370430514001,1.0343478377231101,173.11924290094296
2055-06-01,,179.45781585205538,1.0342789400426093,185.6094395618256
2055-07-01,,193.43826571141537,1.034210373205715,200.05586097366916
2055-08-01,,204.04449753826628,1.034142135623731,211.01101244649382
2055-09-01,,203.24342383804404,1.0340742257155897,210.16878613711083
2055-10-01,,185.33686525217547,1.0340066419078158,191.6395496611233
2055-11-01,,199.07594470353246,1.03393938263449,205.83245936414824
2055-12-01,,199.9534451684317,1.0338724463372122,206.7263575098401
