year,month,energy_kwh
2004,1,406082.8062173435
2004,2,421191.4654406617
2004,3,385038.59454090125
2004,4,236594.9662478593
2004,5,236352.74702513704
2004,6,208454.9304122269
2004,7,168344.40401178668
2004,8,178140.94434395753
2004,9,329522.07207566017
2004,10,302277.5584927004
2004,11,392129.3612543478
2004,12,484055.6565357847
2005,1,689524.8364231761
2005,2,371400.7157402773
2005,3,397991.63269105455
2005,4,231271.898171993
2005,5,192920.38391720824
2005,6,165284.5115917266
2005,7,161465.72675332203
2005,8,171714.95874335757
2005,9,132066.1648119949
2005,10,328107.64425879985
2005,11,353271.9387679659
2005,12,508370.44417303125
2006,1,440618.1530535645
2006,2,270988.7277110401
2006,3,289286.1852013794
2006,4,254070.73077300884
2006,5,297019.59544197604
2006,6,83912.38477522641
2006,7,83565.12874288158
2006,8,205993.23465567385
2006,9,256338.5192265066
2006,10,318386.35183615936
2006,11,502631.7648737155
2006,12,555549.3299518611
2007,1,748033.7916671636
2007,2,381272.9287321593
2007,3,425316.33649586677
2007,4,302141.3745627438
2007,5,211789.3056198571
2007,6,160134.34292302805
2007,7,246021.34361268856
2007,8,158623.3743587544
2007,9,334968.8626320804
2007,10,224140.9691464577
2007,11,446075.5403101102
2007,12,442420.7238400669
2008,1,742009.760014036
2008,2,412691.65777952067
2008,3,473099.75037199585
2008,4,201387.9101770983
2008,5,156682.80752109358
2008,6,180799.65429701257
2008,7,181856.1350717974
2008,8,237338.17440024405
2008,9,166132.9073423824
2008,10,349710.6954186441
2008,11,433217.66610844416
2008,12,385955.7596215835
2009,1,437834.70196070586
2009,2,387159.25003985304
2009,3,370237.4301713207
2009,4,269566.52968773025
2009,5,260877.09485151546
2009,6,247262.32841610175
2009,7,172345.96186476393
2009,8,169650.99351570243
2009,9,213487.89382746033
2009,10,344028.2176685747
2009,11,442394.1045945396
2009,12,325575.44419075287
2010,1,432935.66844509286
2010,2,355363.9645600543
2010,3,405055.89123468363
2010,4,301826.9455976625
2010,5,199701.63549347484
2010,6,137641.31816416798
2010,7,99661.90110111715
2010,8,153593.43551171263
2010,9,262520.4843450578
2010,10,385043.8750668149
2010,11,300999.5877243775
2010,12,466584.546094183
2011,1,463456.5540290582
2011,2,414820.2048307673
2011,3,342209.3229053841
2011,4,329155.1632924134
2011,5,244049.97047552248
2011,6,185107.86063160023
2011,7,267545.55203175277
2011,8,188090.74572586038
2011,9,198326.23500839958
2011,10,348750.0844731947
2011,11,320715.2430899703
2011,12,681939.134238539
2012,1,632037.0970492302
2012,2,406459.8755895909
2012,3,399843.463397516
2012,4,280669.8850676835
2012,5,237810.14188029518
2012,6,183541.20404907473
2012,7,162588.43444351826
2012,8,120716.16474511992
2012,9,240051.5262350476
2012,10,327659.000374538
2012,11,333694.6767724629
2012,12,488067.1439657317
2013,1,418114.6843400115
2013,2,247398.93429093322
2013,3,356395.3916263179
2013,4,254383.1945133552
2013,5,189722.94924099802
2013,6,200249.99902818643
2013,7,103005.98406699949
2013,8,138512.63401947825
2013,9,255944.94410458428
2013,10,359473.82841908495
2013,11,392759.84654748405
2013,12,642362.6588519781
2014,1,537790.9739523964
2014,2,426599.9507757351
2014,3,298681.93026223476
2014,4,266418.8311387182
2014,5,270545.68859343993
2014,6,136911.59610267766
2014,7,105191.52090678763
2014,8,163272.824534553
2014,9,199305.7737964396
2014,10,228040.45792439315
2014,11,247428.8272436054
2014,12,569373.4644739971
2015,1,604998.9695365821
2015,2,358451.8241390583
2015,3,421829.4403679648
2015,4,298219.0640450415
2015,5,233211.88628173358
2015,6,167821.00731523978
2015,7,210288.98140939506
2015,8,128809.97544130031
2015,9,238853.66668721256
2015,10,195380.6012526348
2015,11,452041.89559567353
2015,12,732287.8432291838
2016,1,487807.4774054618
2016,2,445481.6368575279
2016,3,251029.92033886837
2016,4,250700.5865174438
2016,5,210033.00599140278
2016,6,101270.83734777282
2016,7,153205.8187095282
2016,8,156960.0066044607
2016,9,148448.3350680532
2016,10,240958.9224255522
2016,11,372779.9305988697
2016,12,623435.9064657512
2017,1,443877.75528356474
2017,2,381210.58449426095
2017,3,330882.3915178008
2017,4,330873.24733622855
2017,5,183119.43896603613
2017,6,211647.31524124494
2017,7,133844.85977795965
2017,8,169632.7649978206
2017,9,246782.23715536093
2017,10,465263.1566438571
2017,11,390521.5568984027
2017,12,580579.2927947143
2018,1,580786.5553426454
2018,2,226312.04548672657
2018,3,360593.93766485393
2018,4,300271.99524178327
2018,5,215520.45429769822
2018,6,174760.11303620934
2018,7,105625.26604639913
2018,8,147218.88785743565
2018,9,233541.81997859827
2018,10,362629.54288995505
2018,11,315772.63345842104
2018,12,533084.2453814641
2019,1,506190.905464681
2019,2,442230.4433668999
2019,3,483576.45484147413
2019,4,315010.64274943224
2019,5,246595.80050093608
2019,6,123564.3517634342
2019,7,156658.2169583312
2019,8,113305.25048790463
2019,9,262135.66574825463
2019,10,326108.17138020386
2019,11,315837.792375754
2019,12,538187.1542694388
2020,1,668980.4036109095
2020,2,601156.5741381301
2020,3,415798.52451867075
2020,4,274103.4918799312
2020,5,262402.5929912097
2020,6,159804.97542386065
2020,7,144174.3453193718
2020,8,139345.4295967811
2020,9,146155.08612028416
2020,10,386634.53262841795
2020,11,378010.5911535961
2020,12,503734.8434712038
2021,1,356176.48940924817
2021,2,358580.93322232686
2021,3,338033.5575745687
2021,4,312757.6416995659
2021,5,307944.88457084895
2021,6,96220.60057202053
2021,7,121273.6033715762
2021,8,188506.31829184486
2021,9,177549.2267392894
2021,10,419816.85339321254
2021,11,339153.11367069243
2021,12,491860.7603831638
2022,1,629113.2282054713
2022,2,586644.2549397047
2022,3,295065.08871694765
2022,4,336843.5468933289
2022,5,220477.79277909602
2022,6,125984.10350469274
2022,7,164085.37253981445
2022,8,80640.46365462794
2022,9,203463.39115296514
2022,10,312602.4625289834
2022,11,338416.1717165116
2022,12,431830.3110116935
2023,1,540010.3287475748
2023,2,380643.9092867516
2023,3,405434.04501048755
2023,4,270204.77257643966
2023,5,223306.1106888699
2023,6,134677.38483902524
2023,7,187709.21574179083
2023,8,147560.7412389998
2023,9,133214.5379624709
2023,10,324264.2557946267
2023,11,412991.9894836297
2023,12,584245.1682034661
2024,1,670802.0525984504
2024,2,458267.30553306494
2024,3,273896.02847926586
2024,4,302795.64875052654
2024,5,200419.74664696312
2024,6,142897.73878643705
2024,7,122797.69609633979
2024,8,119323.52653983887
2024,9,317998.0992574034
2024,10,307820.1115698026
2024,11,370813.99297037744
2024,12,470633.87259657314
